,IDs,length,Exptl.,resolution,R-factor,FreeRvalue,PDB_ID,Chain,Domain_num
1,1A62A,130,XRAY,1.55,0.22,0.25,1A62,A,2
7,1AL3A,324,XRAY,1.8,0.18,0.25,1AL3,A,2
11,1ATGA,231,XRAY,1.2,0.16,0.18,1ATG,A,2
15,1B25A,619,XRAY,1.85,0.17,0.22,1B25,A,3
17,1B9WA,95,XRAY,1.8,0.21,0.28,1B9W,A,2
18,1BF2A,750,XRAY,2.0,0.16,0.21,1BF2,A,3
23,1BU8A,452,XRAY,1.8,0.2,0.24,1BU8,A,2
27,1C0PA,363,XRAY,1.2,0.12,0.15,1C0P,A,2
28,1C1DA,355,XRAY,1.25,0.2,0.24,1C1D,A,2
29,1C1KA,217,XRAY,1.45,0.2,0.25,1C1K,A,2
35,1CCWD,483,XRAY,1.6,0.14,0.17,1CCW,D,2
37,1CHMA,401,XRAY,1.9,0.18,1.0,1CHM,A,2
48,1D3YA,301,XRAY,2.0,0.2,0.24,1D3Y,A,2
49,1D5TA,433,XRAY,1.04,0.17,0.21,1D5T,A,3
53,1DC1A,323,XRAY,1.7,0.19,0.25,1DC1,A,2
55,1DD9A,338,XRAY,1.6,0.23,0.28,1DD9,A,3
60,1DJ0A,264,XRAY,1.5,0.16,0.22,1DJ0,A,2
64,1DP4A,435,XRAY,2.0,0.2,0.23,1DP4,A,2
71,1DWKA,156,XRAY,1.65,0.14,0.18,1DWK,A,2
76,1E7LA,157,XRAY,1.32,0.14,0.19,1E7L,A,2
78,1EARA,147,XRAY,1.7,0.21,0.23,1EAR,A,2
83,1EFDN,266,XRAY,1.9,0.22,0.25,1EFD,N,2
87,1EL6A,219,XRAY,2.0,0.21,0.23,1EL6,A,3
91,1EVLA,401,XRAY,1.55,0.22,0.23,1EVL,A,2
92,1EWFA,456,XRAY,1.7,0.2,0.25,1EWF,A,2
95,1F0KA,364,XRAY,1.9,0.22,0.25,1F0K,A,2
96,1F0XA,571,XRAY,1.9,0.21,0.25,1F0X,A,4
98,1F32A,149,XRAY,1.75,0.21,0.26,1F32,A,2
101,1F5NA,592,XRAY,1.7,0.22,0.26,1F5N,A,2
105,1FHUA,320,XRAY,1.65,0.2,0.27,1FHU,A,2
109,1FN9A,365,XRAY,1.8,0.17,0.2,1FN9,A,2
110,1FO8A,343,XRAY,1.4,0.17,0.18,1FO8,A,2
113,1FTRA,296,XRAY,1.7,0.2,0.25,1FTR,A,2
114,1FVIA,297,XRAY,2.0,0.19,0.27,1FVI,A,3
117,1G3PA,217,XRAY,1.46,0.19,0.23,1G3P,A,2
118,1G5HA,454,XRAY,1.95,0.18,0.22,1G5H,A,2
125,1G8MA,593,XRAY,1.75,0.2,0.22,1G8M,A,4
129,1GK9A,260,XRAY,1.3,0.15,0.17,1GK9,A,2
130,1GK9B,557,XRAY,1.3,0.15,0.17,1GK9,B,3
131,1GKMA,507,XRAY,1.0,0.12,0.14,1GKM,A,2
133,1GMUA,143,XRAY,1.5,0.22,0.26,1GMU,A,2
135,1GNLB,544,XRAY,1.25,0.13,0.14,1GNL,B,4
137,1GO3F,107,XRAY,1.75,0.22,0.24,1GO3,F,2
139,1GPJA,404,XRAY,1.95,0.21,0.26,1GPJ,A,3
142,1GQEA,365,XRAY,1.81,0.22,0.25,1GQE,A,3
143,1GQIA,708,XRAY,1.48,0.13,0.17,1GQI,A,3
145,1GSAA,316,XRAY,2.0,0.19,1.0,1GSA,A,3
146,1GU7A,364,XRAY,1.7,0.17,0.19,1GU7,A,2
158,1H0HB,214,XRAY,1.8,0.17,0.2,1H0H,B,2
161,1H32A,261,XRAY,1.5,0.2,0.23,1H32,A,2
164,1H6KA,757,XRAY,2.0,0.2,0.23,1H6K,A,3
165,1H7SA,365,XRAY,1.95,0.22,0.24,1H7S,A,2
167,1H8PB,109,XRAY,1.82,0.21,0.23,1H8P,B,2
171,1HM9B,468,XRAY,1.75,0.18,0.22,1HM9,B,2
172,1HN0A,1021,XRAY,1.9,0.16,0.21,1HN0,A,4
176,1HW1A,239,XRAY,1.5,0.2,0.22,1HW1,A,2
177,1HX6A,394,XRAY,1.65,0.19,0.21,1HX6,A,2
181,1HYOA,421,XRAY,1.3,0.18,0.2,1HYO,A,2
187,1I24A,404,XRAY,1.2,0.19,0.2,1I24,A,2
189,1I2KA,269,XRAY,1.79,0.16,0.25,1I2K,A,2
201,1IG0A,319,XRAY,1.8,0.22,0.23,1IG0,A,2
203,1INLA,296,XRAY,1.5,0.2,0.21,1INL,A,2
208,1IUQA,367,XRAY,1.55,0.2,0.22,1IUQ,A,2
209,1IX9A,205,XRAY,0.9,0.11,0.13,1IX9,A,2
219,1J5WA,298,XRAY,1.95,0.2,0.25,1J5W,A,2
230,1JETA,517,XRAY,1.2,0.23,0.26,1JET,A,3
238,1JIXA,351,XRAY,1.65,0.2,0.21,1JIX,A,2
242,1JNRA,643,XRAY,1.6,0.18,0.2,1JNR,A,3
246,1JQ5A,370,XRAY,1.7,0.15,0.19,1JQ5,A,2
248,1JX6A,342,XRAY,1.5,0.22,0.24,1JX6,A,2
257,1K3XA,262,XRAY,1.25,0.15,0.18,1K3X,A,2
261,1K5NA,276,XRAY,1.09,0.12,0.15,1K5N,A,2
265,1K8KD,300,XRAY,2.0,0.22,0.25,1K8K,D,2
269,1K8WA,327,XRAY,1.85,0.18,0.21,1K8W,A,2
270,1KAEA,434,XRAY,1.7,0.21,0.24,1KAE,A,3
274,1KGDA,180,XRAY,1.314,0.19,0.21,1KGD,A,2
275,1KHIA,176,XRAY,1.78,0.2,0.24,1KHI,A,2
276,1KJQA,391,XRAY,1.05,0.19,0.21,1KJQ,A,3
277,1KKOA,413,XRAY,1.33,0.16,0.19,1KKO,A,2
285,1KQFA,1015,XRAY,1.6,0.18,0.2,1KQF,A,3
292,1KWGA,645,XRAY,1.6,0.17,0.18,1KWG,A,3
293,1KYFA,247,XRAY,1.22,0.15,0.21,1KYF,A,2
296,1L1LA,739,XRAY,1.75,0.23,0.27,1L1L,A,3
297,1L3KA,196,XRAY,1.1,0.16,0.19,1L3K,A,2
298,1L3LA,234,XRAY,1.66,0.25,0.27,1L3L,A,2
299,1L6RA,227,XRAY,1.4,0.17,0.2,1L6R,A,2
300,1L7DA,384,XRAY,1.81,0.22,0.26,1L7D,A,2
303,1LC0A,294,XRAY,1.2,0.22,0.23,1LC0,A,2
304,1LC5A,364,XRAY,1.46,0.19,0.21,1LC5,A,2
305,1LFPA,249,XRAY,1.72,0.23,0.29,1LFP,A,3
306,1LFWA,470,XRAY,1.8,0.17,1.0,1LFW,A,3
307,1LJ8A,493,XRAY,1.7,0.17,0.2,1LJ8,A,2
311,1LMLA,478,XRAY,1.86,0.19,0.21,1LML,A,4
313,1LQTA,456,XRAY,1.05,0.13,0.15,1LQT,A,2
315,1LS1A,295,XRAY,1.1,0.14,0.17,1LS1,A,2
316,1LSHA,1056,XRAY,1.9,0.19,0.26,1LSH,A,4
318,1LSLA,113,XRAY,1.9,0.23,0.28,1LSL,A,2
325,1M0WB,491,XRAY,1.8,0.17,0.2,1M0W,B,5
326,1M15A,357,XRAY,1.2,0.12,0.14,1M15,A,2
328,1M1ZA,513,XRAY,1.95,0.2,0.23,1M1Z,A,2
336,1MG7A,417,XRAY,1.55,0.2,0.21,1MG7,A,2
342,1MPGA,282,XRAY,1.8,0.19,0.25,1MPG,A,3
344,1MUNA,225,XRAY,1.2,0.12,0.17,1MUN,A,2
345,1MUSA,477,XRAY,1.9,0.19,0.25,1MUS,A,3
348,1MW9X,592,XRAY,1.67,0.21,0.22,1MW9,X,4
355,1N3LA,372,XRAY,1.18,0.18,0.22,1N3L,A,2
357,1N62A,166,XRAY,1.09,0.14,0.17,1N62,A,2
358,1N62B,809,XRAY,1.09,0.14,0.17,1N62,B,5
359,1N62C,288,XRAY,1.09,0.14,0.17,1N62,C,3
360,1N7ZA,334,XRAY,2.0,0.21,0.24,1N7Z,A,2
362,1N93X,375,XRAY,1.76,0.16,0.19,1N93,X,2
364,1NAAA,541,XRAY,1.8,0.15,0.18,1NAA,A,2
368,1NG6A,148,XRAY,1.4,0.21,0.25,1NG6,A,2
371,1NH2D,121,XRAY,1.9,0.2,0.23,1NH2,D,2
381,1NNLA,225,XRAY,1.53,0.22,0.23,1NNL,A,2
390,1NUYA,337,XRAY,1.3,0.16,0.21,1NUY,A,2
395,1NZJA,298,XRAY,1.5,0.15,0.17,1NZJ,A,2
400,1O75B,415,XRAY,1.95,0.2,0.23,1O75,B,4
402,1O7JA,327,XRAY,1.0,0.11,0.13,1O7J,A,2
403,1O98A,511,XRAY,1.4,0.19,0.2,1O98,A,2
405,1OAOC,729,XRAY,1.9,0.15,0.18,1OAO,C,5
407,1OCYA,198,XRAY,1.5,0.14,0.15,1OCY,A,2
415,1OI2A,366,XRAY,1.75,0.17,0.2,1OI2,A,2
416,1OI7A,288,XRAY,1.23,0.18,0.2,1OI7,A,2
417,1OISA,223,XRAY,1.9,0.22,0.29,1OIS,A,2
421,1ON2A,142,XRAY,1.61,0.22,0.26,1ON2,A,2
433,1OXJA,173,XRAY,1.8,0.23,0.24,1OXJ,A,2
435,1P1JA,533,XRAY,1.7,0.17,0.19,1P1J,A,2
451,1PMIA,440,XRAY,1.7,0.18,1.0,1PMI,A,3
452,1PN0A,665,XRAY,1.7,0.16,0.18,1PN0,A,3
456,1PSWA,348,XRAY,2.0,0.2,0.23,1PSW,A,2
457,1PU6A,218,XRAY,1.64,0.15,0.18,1PU6,A,2
468,1Q6ZA,528,XRAY,1.0,0.12,0.14,1Q6Z,A,3
473,1QCSA,211,XRAY,1.9,0.21,0.24,1QCS,A,2
474,1QD1A,325,XRAY,1.7,0.19,0.21,1QD1,A,2
475,1QDBA,473,XRAY,1.9,0.19,0.22,1QDB,A,2
476,1QF8A,182,XRAY,1.74,0.19,0.22,1QF8,A,2
480,1QHDA,398,XRAY,1.95,0.19,0.22,1QHD,A,2
484,1QNAB,200,XRAY,1.8,0.19,0.24,1QNA,B,2
489,1QR0A,228,XRAY,1.9,0.22,0.28,1QR0,A,2
490,1QS1A,462,XRAY,1.5,0.23,0.27,1QS1,A,2
491,1QSAA,618,XRAY,1.65,0.17,0.19,1QSA,A,3
493,1QUPA,222,XRAY,1.8,0.21,0.24,1QUP,A,2
494,1QUSA,322,XRAY,1.7,0.18,0.21,1QUS,A,2
496,1QV9A,283,XRAY,1.54,0.2,0.23,1QV9,A,2
498,1QW9B,502,XRAY,1.2,0.17,0.18,1QW9,B,2
501,1QWRA,319,XRAY,1.8,0.2,0.23,1QWR,A,2
505,1R4XA,275,XRAY,1.9,0.17,0.21,1R4X,A,2
506,1R6DA,337,XRAY,1.35,0.18,0.22,1R6D,A,2
508,1R6XA,395,XRAY,1.4,0.2,0.22,1R6X,A,2
512,1R9LA,309,XRAY,1.59,0.15,0.19,1R9L,A,2
514,1RA0A,430,XRAY,1.12,0.17,0.17,1RA0,A,2
518,1RGXB,114,XRAY,1.787,0.21,0.24,1RGX,B,2
520,1RIFA,282,XRAY,2.0,0.22,0.25,1RIF,A,2
521,1RK6A,496,XRAY,1.43,0.19,0.2,1RK6,A,3
523,1RKUA,206,XRAY,1.47,0.19,0.22,1RKU,A,2
524,1RKXA,357,XRAY,1.8,0.23,0.27,1RKX,A,2
529,1RP0A,284,XRAY,1.6,0.18,0.17,1RP0,A,2
533,1RWHA,757,XRAY,1.25,0.11,0.14,1RWH,A,3
537,1RYOA,327,XRAY,1.2,0.22,0.23,1RYO,A,2
538,1RZHH,260,XRAY,1.8,0.23,0.23,1RZH,H,2
539,1RZHM,307,XRAY,1.8,0.23,0.23,1RZH,M,2
542,1S2OA,244,XRAY,1.4,0.18,0.2,1S2O,A,2
548,1S99A,200,XRAY,1.65,0.17,0.22,1S99,A,2
549,1S9RA,410,XRAY,1.6,0.17,0.2,1S9R,A,2
551,1SAUA,115,XRAY,1.12,0.11,0.14,1SAU,A,2
555,1SEIA,130,XRAY,1.9,0.22,0.29,1SEI,A,2
557,1SF9A,128,XRAY,1.71,0.17,0.2,1SF9,A,2
564,1SQHA,312,XRAY,2.0,0.22,0.26,1SQH,A,2
567,1SR8A,298,XRAY,1.9,0.21,0.26,1SR8,A,3
570,1SUMB,235,XRAY,2.0,0.22,0.26,1SUM,B,2
571,1SVSA,353,XRAY,1.5,0.2,0.21,1SVS,A,2
575,1SZHA,161,XRAY,1.5,0.21,0.23,1SZH,A,2
576,1SZWA,379,XRAY,2.0,0.19,0.24,1SZW,A,2
579,1T0FA,276,XRAY,1.85,0.21,0.23,1T0F,A,2
583,1T1UA,639,XRAY,1.55,0.17,0.23,1T1U,A,2
596,1TFEA,145,XRAY,1.7,0.21,0.28,1TFE,A,2
599,1TKEA,224,XRAY,1.46,0.18,0.21,1TKE,A,3
602,1TQ5A,242,XRAY,1.76,0.2,0.25,1TQ5,A,2
607,1TUAA,191,XRAY,1.5,0.21,0.23,1TUA,A,2
610,1TXGA,335,XRAY,1.7,0.15,0.19,1TXG,A,2
616,1U5KA,244,XRAY,2.0,0.2,0.21,1U5K,A,3
621,1U7IA,136,XRAY,1.4,0.15,0.18,1U7I,A,2
623,1U7LA,392,XRAY,1.75,0.21,0.23,1U7L,A,3
629,1UEKA,275,XRAY,1.7,0.18,0.22,1UEK,A,2
644,1US5A,314,XRAY,1.5,0.18,0.2,1US5,A,2
652,1UWKA,557,XRAY,1.19,0.14,0.18,1UWK,A,2
653,1UX6A,350,XRAY,1.9,0.2,0.23,1UX6,A,2
655,1UZKA,162,XRAY,1.35,0.2,0.26,1UZK,A,3
657,1V0WA,506,XRAY,1.35,0.16,0.19,1V0W,A,2
660,1V4AA,440,XRAY,2.0,0.23,0.27,1V4A,A,3
661,1V4PA,157,XRAY,1.45,0.21,0.23,1V4P,A,2
663,1V5VA,401,XRAY,1.5,0.2,0.21,1V5V,A,3
669,1V7WA,807,XRAY,1.6,0.16,0.18,1V7W,A,3
673,1V9MA,323,XRAY,1.85,0.2,0.23,1V9M,A,3
674,1VAJA,214,XRAY,1.82,0.2,0.23,1VAJ,A,2
675,1VBKA,307,XRAY,1.9,0.2,0.22,1VBK,A,3
679,1VCLB,432,XRAY,1.7,0.17,0.2,1VCL,B,3
681,1VE4A,206,XRAY,1.2,0.23,0.25,1VE4,A,2
683,1VHNA,318,XRAY,1.59,0.19,0.23,1VHN,A,2
685,1VI0A,206,XRAY,1.65,0.23,0.28,1VI0,A,2
690,1VK1A,242,XRAY,1.2,0.17,0.17,1VK1,A,2
695,1VKYA,347,XRAY,2.0,0.18,0.21,1VKY,A,2
697,1VLYA,338,XRAY,1.3,0.14,0.17,1VLY,A,3
702,1VPRA,374,XRAY,1.8,0.2,0.23,1VPR,A,3
705,1VQUA,374,XRAY,1.85,0.18,0.22,1VQU,A,2
712,1VZYB,291,XRAY,1.97,0.2,0.23,1VZY,B,2
713,1W07A,659,XRAY,2.0,0.2,0.25,1W07,A,4
717,1W1OA,534,XRAY,1.7,0.2,0.21,1W1O,A,3
718,1W23A,360,XRAY,1.08,0.12,0.14,1W23,A,2
721,1W4RA,195,XRAY,1.83,0.16,0.19,1W4R,A,2
725,1W5RB,278,XRAY,1.45,0.2,0.22,1W5R,B,2
729,1W7CA,747,XRAY,1.23,0.11,0.15,1W7C,A,3
732,1W99A,558,XRAY,1.75,0.2,0.22,1W99,A,3
736,1WCWA,261,XRAY,1.3,0.19,0.22,1WCW,A,2
737,1WDDA,477,XRAY,1.35,0.16,0.18,1WDD,A,2
739,1WERA,334,XRAY,1.6,0.22,0.27,1WER,A,2
742,1WIWA,290,XRAY,2.0,0.24,0.23,1WIW,A,2
751,1WPBA,172,XRAY,2.0,0.21,0.23,1WPB,A,2
757,1WTEA,272,XRAY,1.9,0.17,0.22,1WTE,A,2
758,1WTJA,343,XRAY,1.55,0.19,0.21,1WTJ,A,3
759,1WURA,220,XRAY,1.82,0.21,0.24,1WUR,A,2
760,1WV3A,238,XRAY,1.75,0.2,0.22,1WV3,A,2
762,1WVFA,520,XRAY,1.3,0.15,0.17,1WVF,A,4
765,1WYKA,152,XRAY,2.0,0.2,0.27,1WYK,A,2
766,1X0TA,120,XRAY,1.6,0.22,0.24,1X0T,A,2
769,1X7DA,350,XRAY,1.6,0.17,0.19,1X7D,A,2
770,1X8BA,289,XRAY,1.81,0.22,0.24,1X8B,A,2
773,1X9IA,302,XRAY,1.16,0.15,0.16,1X9I,A,2
778,1XDNA,277,XRAY,1.2,0.13,0.15,1XDN,A,2
786,1XJVA,294,XRAY,1.73,0.23,0.24,1XJV,A,2
795,1XO0A,324,XRAY,2.0,0.22,0.27,1XO0,A,2
797,1XQOA,256,XRAY,1.03,0.16,0.18,1XQO,A,2
798,1XRUA,282,XRAY,1.94,0.17,0.19,1XRU,A,2
799,1XSZA,356,XRAY,1.41,0.2,0.23,1XSZ,A,3
801,1XUBA,298,XRAY,1.3,0.14,0.16,1XUB,A,2
802,1XV5A,401,XRAY,1.73,0.17,0.2,1XV5,A,2
812,1Y6ZA,263,XRAY,1.88,0.21,0.27,1Y6Z,A,2
814,1Y7PC,223,XRAY,1.9,0.21,0.26,1Y7P,C,2
816,1Y8AA,332,XRAY,1.4,0.18,0.22,1Y8A,A,3
825,1YI9A,309,XRAY,1.7,0.2,0.23,1YI9,A,2
826,1YJ7A,171,XRAY,1.8,0.18,0.21,1YJ7,A,2
828,1YLLA,200,XRAY,1.64,0.2,0.24,1YLL,A,2
838,1YQDA,366,XRAY,1.65,0.2,0.21,1YQD,A,2
842,1YU0A,381,XRAY,1.56,0.13,0.14,1YU0,A,3
846,1Z0SA,278,XRAY,1.7,0.2,0.23,1Z0S,A,2
848,1Z2NX,324,XRAY,1.2,0.18,0.2,1Z2N,X,3
851,1Z3XA,238,XRAY,1.5,0.18,0.21,1Z3X,A,2
854,1Z6MA,175,XRAY,1.3,0.16,0.19,1Z6M,A,2
859,1ZARA,282,XRAY,1.75,0.18,0.22,1ZAR,A,3
860,1ZAVA,180,XRAY,1.9,0.24,0.27,1ZAV,A,2
865,1ZHSE,113,XRAY,1.8,0.19,0.22,1ZHS,E,2
871,1ZL0A,311,XRAY,1.1,0.1,0.12,1ZL0,A,2
873,1ZPSA,138,XRAY,1.7,0.21,0.23,1ZPS,A,2
874,1ZS9A,261,XRAY,1.7,0.21,0.24,1ZS9,A,2
889,2A3NA,355,XRAY,1.23,0.11,0.14,2A3N,A,2
892,2ABKA,211,XRAY,1.85,0.18,0.22,2ABK,A,2
893,2ABSA,383,XRAY,1.1,0.14,0.17,2ABS,A,2
899,2AKZA,439,XRAY,1.36,0.12,0.14,2AKZ,A,2
901,2AMLA,373,XRAY,1.5,0.14,0.17,2AML,A,2
906,2AQOA,390,XRAY,1.95,0.18,0.22,2AQO,A,2
908,2ASBA,251,XRAY,1.5,0.19,0.22,2ASB,A,3
914,2AZ4A,429,XRAY,2.0,0.2,0.24,2AZ4,A,2
921,2B9WA,424,XRAY,1.95,0.17,0.19,2B9W,A,3
925,2BBRA,195,XRAY,1.2,0.21,0.23,2BBR,A,2
929,2BFDB,342,XRAY,1.39,0.15,0.17,2BFD,B,2
930,2BHUA,602,XRAY,1.1,0.13,0.16,2BHU,A,3
938,2BLNA,305,XRAY,1.2,0.14,0.16,2BLN,A,2
939,2BMOA,447,XRAY,1.2,0.16,0.17,2BMO,A,2
942,2BNMA,198,XRAY,1.7,0.19,0.23,2BNM,A,2
943,2BO9B,222,XRAY,1.6,0.15,0.18,2BO9,B,2
945,2BONA,332,XRAY,1.9,0.22,0.27,2BON,A,2
947,2BOUA,143,XRAY,1.9,0.24,0.26,2BOU,A,3
950,2BS2A,660,XRAY,1.78,0.23,0.24,2BS2,A,4
953,2BSYA,278,XRAY,1.5,0.15,0.19,2BSY,A,2
957,2C0GA,248,XRAY,1.75,0.22,0.27,2C0G,A,2
959,2C1LA,358,XRAY,1.9,0.19,0.22,2C1L,A,2
961,2C31A,568,XRAY,1.73,0.15,0.17,2C31,A,3
974,2CDCB,366,XRAY,1.5,0.21,0.24,2CDC,B,2
977,2CG7A,90,XRAY,1.2,0.19,0.22,2CG7,A,2
983,2CKKA,127,XRAY,1.45,0.14,0.17,2CKK,A,2
984,2CMGA,262,XRAY,2.0,0.22,0.27,2CMG,A,2
985,2CNQA,306,XRAY,1.0,0.12,0.13,2CNQ,A,2
990,2CVEA,191,XRAY,1.6,0.21,0.24,2CVE,A,2
996,2CXAA,256,XRAY,1.6,0.19,0.22,2CXA,A,2
998,2CXIA,348,XRAY,1.94,0.19,0.23,2CXI,A,3
1000,2CXNA,557,XRAY,1.4,0.17,0.19,2CXN,A,3
1003,2CZCA,334,XRAY,2.0,0.2,0.24,2CZC,A,2
1004,2CZLA,272,XRAY,1.55,0.18,0.21,2CZL,A,2
1007,2D0OC,610,XRAY,2.0,0.2,0.23,2D0O,C,5
1010,2D1SA,548,XRAY,1.3,0.18,0.2,2D1S,A,4
1014,2D5WA,603,XRAY,1.3,0.19,0.2,2D5W,A,3
1019,2DC1A,236,XRAY,1.9,0.22,0.23,2DC1,A,2
1022,2DE3A,365,XRAY,1.6,0.18,0.2,2DE3,A,2
1023,2DE6A,392,XRAY,1.8,0.19,0.21,2DE6,A,3
1024,2DGKA,452,XRAY,1.9,0.22,0.25,2DGK,A,2
1025,2DKJA,407,XRAY,1.15,0.18,0.19,2DKJ,A,2
1031,2DPMA,284,XRAY,1.8,0.24,0.28,2DPM,A,2
1035,2DTJA,178,XRAY,1.58,0.2,0.23,2DTJ,A,2
1036,2DULA,378,XRAY,1.9,0.2,0.23,2DUL,A,2
1037,2DVMA,439,XRAY,1.6,0.19,0.21,2DVM,A,2
1038,2DWUA,276,XRAY,1.6,0.16,0.19,2DWU,A,2
1040,2DXUA,235,XRAY,1.28,0.22,0.23,2DXU,A,2
1042,2DYIA,162,XRAY,2.0,0.19,0.26,2DYI,A,2
1044,2E2OA,299,XRAY,1.65,0.19,0.22,2E2O,A,2
1047,2E4TA,519,XRAY,0.96,0.13,0.15,2E4T,A,2
1048,2E52A,300,XRAY,2.0,0.18,0.22,2E52,A,2
1050,2E5FA,325,XRAY,1.35,0.17,0.18,2E5F,A,2
1051,2E6FA,314,XRAY,1.26,0.17,0.18,2E6F,A,2
1053,2E7XA,150,XRAY,1.8,0.2,0.21,2E7X,A,2
1054,2E7ZA,727,XRAY,1.26,0.16,0.2,2E7Z,A,4
1057,2EABA,899,XRAY,1.12,0.18,0.19,2EAB,A,3
1059,2EBFX,746,XRAY,1.9,0.21,0.23,2EBF,X,3
1061,2EGVA,229,XRAY,1.45,0.22,0.24,2EGV,A,2
1062,2EH3A,179,XRAY,1.55,0.21,0.22,2EH3,A,2
1065,2EHZA,302,XRAY,1.35,0.17,0.18,2EHZ,A,2
1070,2EPLX,627,XRAY,1.4,0.19,0.2,2EPL,X,3
1074,2ESSA,248,XRAY,1.9,0.17,0.21,2ESS,A,2
1076,2ETVA,346,XRAY,1.7,0.17,0.21,2ETV,A,2
1079,2F0CA,191,XRAY,1.65,0.16,0.19,2F0C,A,2
1080,2F1FA,164,XRAY,1.75,0.17,0.23,2F1F,A,2
1083,2F23A,156,XRAY,1.6,0.21,0.25,2F23,A,2
1088,2F5TX,233,XRAY,1.45,0.16,0.2,2F5T,X,2
1091,2F69A,261,XRAY,1.3,0.15,0.17,2F69,A,2
1102,2FCWB,80,XRAY,1.26,0.15,0.2,2FCW,B,2
1104,2FEAA,236,XRAY,2.0,0.16,0.22,2FEA,A,2
1105,2FEFA,294,XRAY,1.9,0.19,0.22,2FEF,A,2
1111,2FJ8A,125,XRAY,1.19,0.21,0.24,2FJ8,A,2
1112,2FJRA,189,XRAY,1.95,0.22,0.25,2FJR,A,2
1116,2FNOA,248,XRAY,2.0,0.18,0.22,2FNO,A,2
1118,2FPHX,165,XRAY,1.7,0.24,0.3,2FPH,X,2
1123,2FSJA,346,XRAY,1.9,0.2,0.24,2FSJ,A,2
1127,2FVYA,309,XRAY,0.92,0.11,0.13,2FVY,A,2
1130,2FYFA,398,XRAY,1.5,0.14,0.17,2FYF,A,2
1132,2G30A,258,XRAY,1.6,0.22,0.24,2G30,A,2
1133,2G3RA,123,XRAY,1.25,0.2,0.24,2G3R,A,2
1136,2G5GX,268,XRAY,1.9,0.21,0.24,2G5G,X,2
1140,2GA1A,106,XRAY,2.0,0.18,0.22,2GA1,A,2
1141,2GAGC,210,XRAY,1.85,0.19,0.23,2GAG,C,2
1144,2GFHA,260,XRAY,1.9,0.21,0.26,2GFH,A,2
1145,2GFQA,298,XRAY,1.75,0.15,0.18,2GFQ,A,2
1152,2GJ4A,824,XRAY,1.6,0.19,0.23,2GJ4,A,2
1154,2GKEA,274,XRAY,1.35,0.14,0.17,2GKE,A,2
1159,2GNOA,305,XRAY,2.0,0.22,0.28,2GNO,A,3
1165,2GT1A,326,XRAY,1.9,0.21,0.24,2GT1,A,2
1166,2GU3A,136,XRAY,1.74,0.19,0.21,2GU3,A,2
1169,2GUFA,594,XRAY,1.95,0.19,0.23,2GUF,A,2
1174,2GVIA,204,XRAY,1.87,0.19,0.22,2GVI,A,3
1179,2H0HA,237,XRAY,1.8,0.2,0.23,2H0H,A,2
1180,2H1VA,310,XRAY,1.2,0.13,0.17,2H1V,A,2
1181,2H7OA,303,XRAY,2.0,0.21,0.24,2H7O,A,2
1182,2H88C,140,XRAY,1.74,0.18,0.21,2H88,C,2
1186,2H98A,313,XRAY,1.8,0.17,0.23,2H98,A,2
1187,2H9AA,445,XRAY,1.9,0.21,0.26,2H9A,A,2
1192,2HEUA,401,XRAY,1.04,0.13,0.16,2HEU,A,2
1195,2HFTA,218,XRAY,1.69,0.2,0.25,2HFT,A,2
1196,2HHCA,330,XRAY,1.54,0.18,0.2,2HHC,A,2
1199,2HIYA,183,XRAY,1.4,0.16,0.19,2HIY,A,2
1200,2HJEA,221,XRAY,1.7,0.2,0.24,2HJE,A,2
1207,2HOXD,427,XRAY,1.4,0.17,0.2,2HOX,D,3
1208,2HP0A,466,XRAY,1.5,0.15,0.17,2HP0,A,2
1211,2HQYA,305,XRAY,1.8,0.18,0.21,2HQY,A,2
1212,2HRAA,209,XRAY,1.9,0.22,0.26,2HRA,A,2
1223,2HY7A,406,XRAY,1.9,0.18,0.2,2HY7,A,2
1227,2I49A,429,XRAY,1.35,0.18,0.19,2I49,A,2
1228,2I53A,258,XRAY,1.5,0.18,0.22,2I53,A,2
1229,2I5HA,205,XRAY,1.74,0.23,0.26,2I5H,A,2
1232,2I5VO,251,XRAY,1.1,0.16,0.17,2I5V,O,2
1233,2I6HA,207,XRAY,1.75,0.17,0.2,2I6H,A,2
1234,2I71A,400,XRAY,1.7,0.18,0.23,2I71,A,2
1237,2I8DA,123,XRAY,1.69,0.17,0.2,2I8D,A,2
1243,2IA1A,178,XRAY,1.59,0.17,0.19,2IA1,A,2
1245,2IA8A,291,XRAY,1.48,0.22,0.25,2IA8,A,2
1248,2IBDA,204,XRAY,1.5,0.17,0.2,2IBD,A,2
1251,2ICHA,335,XRAY,2.0,0.18,0.23,2ICH,A,2
1255,2IGTA,332,XRAY,1.89,0.17,0.19,2IGT,A,2
1256,2II2A,310,XRAY,1.1,0.2,0.23,2II2,A,4
1262,2IM9A,333,XRAY,1.67,0.17,0.21,2IM9,A,3
1268,2IP1A,432,XRAY,1.8,0.18,0.21,2IP1,A,2
1275,2IW1A,374,XRAY,1.5,0.19,0.22,2IW1,A,2
1277,2IXSA,323,XRAY,2.0,0.18,0.21,2IXS,A,2
1279,2IZRA,330,XRAY,1.3,0.13,0.16,2IZR,A,2
1283,2J43A,219,XRAY,1.6,0.18,0.22,2J43,A,2
1286,2J66A,428,XRAY,1.65,0.21,0.22,2J66,A,2
1289,2J7JA,85,XRAY,1.65,0.22,0.23,2J7J,A,3
1294,2JAEB,489,XRAY,1.25,0.15,0.18,2JAE,B,3
1297,2JDIG,273,XRAY,1.9,0.18,0.22,2JDI,G,2
1298,2JDIH,146,XRAY,1.9,0.18,0.22,2JDI,H,2
1302,2JE6I,251,XRAY,1.6,0.22,0.25,2JE6,I,3
1303,2JE8A,848,XRAY,1.7,0.16,0.19,2JE8,A,5
1307,2JH1A,246,XRAY,1.9,0.18,0.2,2JH1,A,2
1308,2JHFB,374,XRAY,1.0,0.12,0.15,2JHF,B,2
1317,2NNUA,205,XRAY,1.59,0.2,0.23,2NNU,A,2
1326,2NSFA,261,XRAY,1.75,0.23,0.23,2NSF,A,2
1337,2NYIA,195,XRAY,1.8,0.18,0.21,2NYI,A,2
1339,2NZXA,371,XRAY,1.9,0.19,0.24,2NZX,A,2
1352,2O62A,270,XRAY,1.75,0.17,0.21,2O62,A,2
1367,2ODIA,238,XRAY,1.45,0.17,0.2,2ODI,A,2
1371,2OEZA,247,XRAY,1.97,0.22,0.27,2OEZ,A,2
1383,2OKTA,342,XRAY,1.3,0.14,0.18,2OKT,A,2
1385,2OKXA,956,XRAY,1.9,0.18,0.21,2OKX,A,5
1387,2OLNA,397,XRAY,1.15,0.12,0.15,2OLN,A,2
1390,2OMLA,189,XRAY,1.2,0.15,0.18,2OML,A,2
1410,2OX7B,155,XRAY,1.777,0.19,0.23,2OX7,B,2
1417,2OYOA,196,XRAY,1.51,0.18,0.21,2OYO,A,2
1419,2OZGA,396,XRAY,2.0,0.16,0.21,2OZG,A,3
1421,2OZTA,332,XRAY,1.42,0.18,0.21,2OZT,A,2
1423,2P0AA,344,XRAY,1.9,0.18,0.22,2P0A,A,3
1428,2P1MB,594,XRAY,1.8,0.19,0.23,2P1M,B,2
1429,2P2SA,336,XRAY,1.25,0.16,0.18,2P2S,A,2
1430,2P38A,166,XRAY,1.8,0.21,0.26,2P38,A,2
1431,2P3YA,491,XRAY,1.8,0.2,0.23,2P3Y,A,4
1454,2PGNA,589,XRAY,1.2,0.15,0.18,2PGN,A,3
1456,2PHNA,254,XRAY,1.35,0.16,0.19,2PHN,A,2
1457,2PKEA,251,XRAY,1.81,0.18,0.23,2PKE,A,2
1462,2PNWA,380,XRAY,1.9,0.19,0.22,2PNW,A,2
1464,2POKB,481,XRAY,1.9,0.18,0.23,2POK,B,2
1466,2PPQA,322,XRAY,2.0,0.19,0.23,2PPQ,A,2
1469,2PQ8A,278,XRAY,1.45,0.21,0.23,2PQ8,A,3
1472,2PRSA,284,XRAY,1.7,0.21,0.25,2PRS,A,2
1475,2PTRA,462,XRAY,1.85,0.18,0.22,2PTR,A,3
1477,2PUZB,419,XRAY,1.83,0.2,0.23,2PUZ,B,2
1483,2PY5A,575,XRAY,1.6,0.17,0.19,2PY5,A,6
1485,2PYWA,420,XRAY,1.9,0.17,0.2,2PYW,A,2
1492,2Q35A,243,XRAY,1.65,0.17,0.2,2Q35,A,2
1498,2Q4ZA,312,XRAY,1.8,0.14,0.19,2Q4Z,A,2
1499,2Q5CA,196,XRAY,1.49,0.19,0.21,2Q5C,A,2
1500,2Q66A,525,XRAY,1.8,0.19,0.23,2Q66,A,3
1506,2QDJA,304,XRAY,2.0,0.23,0.28,2QDJ,A,2
1511,2QF4A,172,XRAY,1.2,0.14,0.17,2QF4,A,2
1515,2QGMA,445,XRAY,1.7,0.23,0.26,2QGM,A,3
1516,2QGQA,304,XRAY,2.0,0.21,0.25,2QGQ,A,2
1517,2QGUA,211,XRAY,1.5,0.19,0.21,2QGU,A,2
1525,2QJVA,270,XRAY,1.9,0.16,0.18,2QJV,A,2
1532,2QM8A,337,XRAY,1.7,0.18,0.21,2QM8,A,3
1538,2QRLA,394,XRAY,1.6,0.21,0.24,2QRL,A,2
1541,2QSIA,137,XRAY,1.8,0.16,0.2,2QSI,A,2
1543,2QSXA,218,XRAY,1.64,0.21,0.24,2QSX,A,2
1547,2QTSD,438,XRAY,1.9,0.21,0.23,2QTS,D,4
1551,2QV6A,268,XRAY,2.0,0.21,0.24,2QV6,A,2
1553,2QXFA,482,XRAY,1.5,0.2,0.22,2QXF,A,4
1558,2R01A,210,XRAY,1.15,0.15,0.17,2R01,A,2
1559,2R0CA,549,XRAY,1.8,0.21,0.24,2R0C,A,3
1566,2R31A,239,XRAY,1.0,0.12,0.14,2R31,A,2
1567,2R44A,331,XRAY,2.0,0.18,0.22,2R44,A,3
1569,2R4GA,267,XRAY,1.71,0.2,0.24,2R4G,A,2
1572,2R60A,499,XRAY,1.8,0.23,0.25,2R60,A,2
1573,2R6JA,318,XRAY,1.5,0.2,0.23,2R6J,A,2
1575,2R6ZA,258,XRAY,1.8,0.22,0.23,2R6Z,A,2
1576,2R7DA,469,XRAY,1.8,0.22,0.24,2R7D,A,2
1577,2R7GA,347,XRAY,1.671,0.2,0.22,2R7G,A,2
1578,2R85A,334,XRAY,1.7,0.17,0.19,2R85,A,3
1580,2RA8A,362,XRAY,1.95,0.23,0.25,2RA8,A,2
1581,2RA9A,150,XRAY,1.4,0.16,0.2,2RA9,A,2
1588,2RBKA,261,XRAY,1.0,0.12,0.15,2RBK,A,2
1598,2RH0A,157,XRAY,1.95,0.19,0.23,2RH0,A,2
1604,2RINA,298,XRAY,1.8,0.15,0.21,2RIN,A,2
1605,2RIQA,160,XRAY,1.7,0.18,0.23,2RIQ,A,2
1608,2RKHA,180,XRAY,2.0,0.21,0.26,2RKH,A,2
1609,2RKVA,451,XRAY,1.6,0.18,0.21,2RKV,A,2
1622,2UYTA,489,XRAY,1.55,0.18,0.21,2UYT,A,2
1623,2V05A,311,XRAY,1.67,0.2,0.23,2V05,A,2
1635,2V7KA,361,XRAY,1.7,0.18,0.21,2V7K,A,2
1641,2V9KA,530,XRAY,2.0,0.19,0.23,2V9K,A,3
1643,2V9VA,135,XRAY,1.1,0.12,0.14,2V9V,A,2
1647,2VCHA,480,XRAY,1.45,0.18,0.2,2VCH,A,2
1652,2VFRA,422,XRAY,1.1,0.14,0.17,2VFR,A,5
1655,2VK8A,563,XRAY,1.42,0.18,0.19,2VK8,A,3
1656,2VLAA,285,XRAY,1.3,0.14,0.17,2VLA,A,3
1665,2VRSA,211,XRAY,1.75,0.18,0.22,2VRS,A,3
1668,2VUNA,386,XRAY,1.89,0.18,0.2,2VUN,A,2
1669,2VVEA,254,XRAY,1.77,0.18,0.23,2VVE,A,2
1670,2VVMA,495,XRAY,1.85,0.18,0.2,2VVM,A,2
1672,2VXGA,139,XRAY,1.9,0.21,0.25,2VXG,A,2
1686,2W40A,503,XRAY,1.49,0.17,0.21,2W40,A,2
1689,2W5QA,424,XRAY,1.2,0.17,0.18,2W5Q,A,2
1695,2W8TA,427,XRAY,1.25,0.15,0.17,2W8T,A,2
1696,2W91A,653,XRAY,1.4,0.13,0.16,2W91,A,3
1698,2WAAA,347,XRAY,1.8,0.16,0.18,2WAA,A,2
1700,2WB0X,356,XRAY,1.95,0.19,0.24,2WB0,X,2
1701,2WBMA,252,XRAY,1.75,0.19,0.21,2WBM,A,3
1704,2WDCA,562,XRAY,1.5,0.17,0.19,2WDC,A,3
1708,2WFWA,153,XRAY,1.6,0.21,0.25,2WFW,A,2
1712,2WJNC,336,XRAY,1.86,0.17,0.19,2WJN,C,2
1718,2WNKA,238,XRAY,1.55,0.2,0.25,2WNK,A,2
1719,2WNPF,217,XRAY,1.21,0.18,0.19,2WNP,F,2
1720,2WOLA,562,XRAY,1.45,0.19,0.2,2WOL,A,2
1721,2WOYA,356,XRAY,1.5,0.18,0.21,2WOY,A,2
1727,2WSDA,513,XRAY,1.6,0.18,0.19,2WSD,A,3
1730,2WTEA,244,XRAY,1.8,0.18,0.22,2WTE,A,2
1740,2WYHA,923,XRAY,1.9,0.18,0.2,2WYH,A,6
1741,2WZBA,416,XRAY,1.47,0.16,0.19,2WZB,A,2
1743,2X1DA,357,XRAY,1.64,0.18,0.21,2X1D,A,2
1749,2X49A,333,XRAY,1.5,0.19,0.23,2X49,A,4
1751,2X4LA,325,XRAY,1.5,0.18,0.21,2X4L,A,2
1754,2X5FA,430,XRAY,1.8,0.19,0.21,2X5F,A,2
1757,2X5OA,439,XRAY,1.46,0.19,0.22,2X5O,A,3
1760,2X7QA,321,XRAY,2.0,0.22,0.24,2X7Q,A,2
1763,2XDWA,710,XRAY,1.35,0.16,0.19,2XDW,A,2
1764,2XEPA,458,XRAY,1.5,0.2,0.22,2XEP,A,3
1771,2XHGA,466,XRAY,1.5,0.16,0.18,2XHG,A,2
1772,2XHIA,360,XRAY,1.55,0.23,0.27,2XHI,A,3
1775,2XJPA,258,XRAY,0.95,0.11,0.12,2XJP,A,2
1778,2XMOA,443,XRAY,1.7,0.21,0.24,2XMO,A,2
1779,2XN6A,350,XRAY,1.29,0.21,0.23,2XN6,A,2
1788,2XRYA,482,XRAY,1.5,0.18,0.21,2XRY,A,3
1792,2XTSA,390,XRAY,1.33,0.11,0.11,2XTS,A,2
1798,2XVYA,269,XRAY,1.7,0.17,0.19,2XVY,A,2
1802,2XXGA,336,XRAY,1.6,0.17,0.21,2XXG,A,2
1807,2Y2MA,494,XRAY,1.62,0.19,0.22,2Y2M,A,3
1808,2Y2ZA,267,XRAY,1.95,0.21,0.23,2Y2Z,A,2
1815,2Y7PA,218,XRAY,1.85,0.18,0.22,2Y7P,A,2
1817,2Y8NB,86,XRAY,1.75,0.19,0.23,2Y8N,B,2
1818,2Y8YA,215,XRAY,1.44,0.18,0.2,2Y8Y,A,2
1820,2YEQA,527,XRAY,1.93,0.18,0.2,2YEQ,A,2
1821,2YFAA,258,XRAY,1.8,0.21,0.25,2YFA,A,2
1822,2YFOA,720,XRAY,1.35,0.12,0.14,2YFO,A,3
1828,2YHAA,388,XRAY,1.85,0.2,0.24,2YHA,A,2
1830,2YHGA,437,XRAY,1.08,0.13,0.15,2YHG,A,2
1831,2YILE,138,XRAY,1.95,0.17,0.2,2YIL,E,2
1832,2YIMA,360,XRAY,1.41,0.19,0.2,2YIM,A,2
1833,2YJGA,436,XRAY,1.8,0.18,0.23,2YJG,A,2
1844,2YV9A,291,XRAY,1.6,0.19,0.23,2YV9,A,2
1847,2YZSA,315,XRAY,2.0,0.22,0.25,2YZS,A,2
1852,2Z1UA,343,XRAY,2.0,0.2,0.23,2Z1U,A,2
1857,2Z51A,154,XRAY,1.35,0.14,0.17,2Z51,A,2
1859,2Z5BB,179,XRAY,1.96,0.24,0.29,2Z5B,B,2
1862,2Z6RA,265,XRAY,1.5,0.2,0.21,2Z6R,A,2
1865,2Z8FB,412,XRAY,1.65,0.18,0.21,2Z8F,B,2
1873,2ZGYA,320,XRAY,1.9,0.22,0.26,2ZGY,A,2
1874,2ZHJA,322,XRAY,1.35,0.14,0.2,2ZHJ,A,4
1878,2ZOSA,249,XRAY,1.7,0.21,0.23,2ZOS,A,2
1883,2ZQ0A,738,XRAY,1.6,0.17,0.19,2ZQ0,A,2
1889,2ZUVB,759,XRAY,1.85,0.15,0.19,2ZUV,B,4
1892,2ZWAA,695,XRAY,1.7,0.17,0.21,2ZWA,A,2
1894,2ZYHA,475,XRAY,1.83,0.19,0.22,2ZYH,A,3
1897,3A09A,490,XRAY,1.4,0.13,0.21,3A09,A,2
1903,3A35A,190,XRAY,1.421,0.2,0.23,3A35,A,2
1911,3A8GB,212,XRAY,1.11,0.14,0.17,3A8G,B,2
1912,3A9SA,595,XRAY,1.6,0.17,0.19,3A9S,A,3
1913,3AA0A,286,XRAY,1.7,0.19,0.24,3AA0,A,2
1914,3AA0B,244,XRAY,1.7,0.19,0.24,3AA0,B,2
1921,3AFOA,388,XRAY,2.0,0.2,0.24,3AFO,A,2
1924,3AGYA,181,XRAY,1.85,0.23,0.25,3AGY,A,2
1925,3AHCA,845,XRAY,1.7,0.15,0.18,3AHC,A,3
1928,3AJ7A,589,XRAY,1.3,0.17,0.19,3AJ7,A,3
1929,3AJDA,274,XRAY,1.27,0.17,0.18,3AJD,A,2
1931,3AKJA,325,XRAY,2.0,0.2,0.23,3AKJ,A,2
1933,3AMLA,755,XRAY,1.7,0.15,0.2,3AML,A,3
1939,3ATSA,357,XRAY,1.67,0.19,0.23,3ATS,A,2
1942,3AYJA,721,XRAY,1.1,0.11,0.13,3AYJ,A,2
1945,3B0GA,591,XRAY,1.25,0.16,0.17,3B0G,A,3
1946,3B0XA,575,XRAY,1.36,0.17,0.2,3B0X,A,5
1949,3B34A,891,XRAY,1.3,0.18,0.19,3B34,A,5
1953,3B5MC,205,XRAY,1.21,0.18,0.2,3B5M,C,2
1965,3BB0A,609,XRAY,1.5,0.17,0.19,3BB0,A,2
1967,3BC8A,450,XRAY,1.65,0.17,0.2,3BC8,A,3
1970,3BE6A,297,XRAY,1.82,0.19,0.22,3BE6,A,2
1972,3BEXA,249,XRAY,1.51,0.19,0.21,3BEX,A,2
1974,3BFMA,235,XRAY,1.7,0.18,0.23,3BFM,A,2
1975,3BGEA,201,XRAY,1.85,0.19,0.24,3BGE,A,2
1978,3BH7B,352,XRAY,1.9,0.23,0.26,3BH7,B,2
1981,3BJDA,332,XRAY,1.85,0.16,0.2,3BJD,A,2
1984,3BL9A,301,XRAY,1.8,0.18,0.22,3BL9,A,2
1990,3BOFA,566,XRAY,1.7,0.2,0.22,3BOF,A,2
1992,3BOSB,242,XRAY,1.75,0.17,0.2,3BOS,B,2
1995,3BQ9A,460,XRAY,1.8,0.21,0.27,3BQ9,A,2
1999,3BRCA,156,XRAY,1.6,0.19,0.24,3BRC,A,2
2005,3BUXB,329,XRAY,1.35,0.23,0.24,3BUX,B,3
2008,3BVXA,1045,XRAY,1.1,0.15,0.19,3BVX,A,5
2009,3BWHA,245,XRAY,1.0,0.17,0.18,3BWH,A,2
2011,3BWSA,433,XRAY,1.99,0.19,0.24,3BWS,A,2
2016,3BY9A,260,XRAY,1.7,0.16,0.2,3BY9,A,2
2020,3C0KA,396,XRAY,2.0,0.19,0.24,3C0K,A,3
2021,3C18C,290,XRAY,1.9,0.19,0.23,3C18,C,3
2022,3C1DA,159,XRAY,1.8,0.18,0.22,3C1D,A,3
2024,3C24A,286,XRAY,1.62,0.16,0.2,3C24,A,2
2026,3C2EA,294,XRAY,1.9,0.23,0.26,3C2E,A,2
2027,3C2QA,345,XRAY,2.0,0.19,0.22,3C2Q,A,2
2028,3C2UA,538,XRAY,1.3,0.14,0.16,3C2U,A,2
2032,3C8CB,240,XRAY,1.5,0.2,0.23,3C8C,B,2
2033,3C8DA,403,XRAY,1.8,0.15,0.19,3C8D,A,2
2036,3C8ZA,414,XRAY,1.6,0.19,0.21,3C8Z,A,2
2037,3C9AA,223,XRAY,1.6,0.2,0.24,3C9A,A,3
2038,3C9FA,557,XRAY,1.9,0.19,0.23,3C9F,A,2
2039,3C9HA,355,XRAY,1.9,0.17,0.23,3C9H,A,2
2041,3C9UA,342,XRAY,1.48,0.2,0.22,3C9U,A,2
2043,3CA8A,266,XRAY,1.8,0.2,0.24,3CA8,A,2
2044,3CAWA,330,XRAY,1.87,0.22,0.24,3CAW,A,2
2048,3CETA,334,XRAY,1.8,0.22,0.25,3CET,A,2
2055,3CIJA,295,XRAY,1.07,0.13,0.15,3CIJ,A,2
2057,3CINA,394,XRAY,1.7,0.16,0.19,3CIN,A,2
2066,3CK6A,252,XRAY,1.9,0.19,0.22,3CK6,A,2
2068,3CKMA,327,XRAY,1.35,0.16,0.19,3CKM,A,2
2077,3COVA,301,XRAY,1.5,0.17,0.2,3COV,A,2
2080,3CP7A,218,XRAY,1.39,0.18,0.2,3CP7,A,3
2084,3CRVA,551,XRAY,2.0,0.23,0.26,3CRV,A,3
2087,3CTZA,623,XRAY,1.6,0.16,0.2,3CTZ,A,3
2089,3CUZA,532,XRAY,1.04,0.15,0.17,3CUZ,A,2
2093,3CWWA,990,XRAY,1.96,0.18,0.21,3CWW,A,4
2096,3CX5L,431,XRAY,1.9,0.24,0.26,3CX5,L,2
2097,3CX5M,352,XRAY,1.9,0.24,0.26,3CX5,M,2
2099,3CX5O,248,XRAY,1.9,0.24,0.26,3CX5,O,2
2110,3D1RA,337,XRAY,1.85,0.18,0.22,3D1R,A,2
2112,3D2YA,261,XRAY,1.75,0.21,0.25,3D2Y,A,2
2119,3D3YA,425,XRAY,1.95,0.17,0.21,3D3Y,A,2
2121,3D4EA,179,XRAY,1.4,0.18,0.2,3D4E,A,2
2122,3D4UB,74,XRAY,1.7,0.16,0.17,3D4U,B,2
2128,3D9XA,163,XRAY,1.13,0.16,0.18,3D9X,A,3
2137,3DEWA,206,XRAY,1.75,0.17,0.21,3DEW,A,2
2141,3DK9A,478,XRAY,0.95,0.12,0.15,3DK9,A,3
2147,3DMEA,369,XRAY,1.7,0.19,0.22,3DME,A,2
2148,3DMGA,381,XRAY,1.55,0.19,0.22,3DMG,A,2
2152,3DO6A,543,XRAY,1.85,0.16,0.2,3DO6,A,3
2164,3DUPA,300,XRAY,1.8,0.17,0.21,3DUP,A,2
2167,3DXLA,303,XRAY,1.3,0.19,0.21,3DXL,A,2
2176,3E3XA,332,XRAY,1.95,0.17,0.22,3E3X,A,3
2178,3E6CC,250,XRAY,1.8,0.22,0.25,3E6C,C,2
2183,3E9KA,465,XRAY,1.7,0.15,0.19,3E9K,A,2
2185,3EA6A,219,XRAY,0.92,0.1,0.12,3EA6,A,2
2187,3EC3A,250,XRAY,1.92,0.19,0.24,3EC3,A,2
2191,3EH1A,751,XRAY,1.8,0.18,0.22,3EH1,A,5
2196,3EKIA,403,XRAY,1.6,0.18,0.23,3EKI,A,2
2206,3EPRA,264,XRAY,1.55,0.18,0.21,3EPR,A,2
2208,3ESLA,202,XRAY,1.74,0.19,0.22,3ESL,A,2
2212,3ETOA,242,XRAY,2.0,0.21,0.25,3ETO,A,2
2213,3ETVA,355,XRAY,1.94,0.23,0.28,3ETV,A,2
2232,3F6GB,127,XRAY,2.0,0.23,0.26,3F6G,B,2
2233,3F6YA,262,XRAY,1.45,0.15,0.18,3F6Y,A,2
2239,3FD3A,208,XRAY,1.7,0.17,0.2,3FD3,A,2
2243,3FEGA,379,XRAY,1.302,0.16,0.19,3FEG,A,2
2250,3FGRA,202,XRAY,1.8,0.15,0.18,3FGR,A,2
2255,3FHLB,362,XRAY,1.93,0.19,0.21,3FHL,B,2
2261,3FKEA,129,XRAY,1.4,0.2,0.24,3FKE,A,2
2265,3FMCD,368,XRAY,1.8,0.16,0.19,3FMC,D,2
2268,3FNDA,312,XRAY,1.9,0.2,0.23,3FND,A,2
2270,3FO8D,283,XRAY,1.8,0.21,0.22,3FO8,D,2
2271,3FOTA,519,XRAY,1.75,0.18,0.22,3FOT,A,2
2276,3FQMA,177,XRAY,1.9,0.25,0.29,3FQM,A,2
2277,3FRHA,253,XRAY,1.2,0.14,0.16,3FRH,A,2
2282,3FSSA,237,XRAY,1.432,0.18,0.21,3FSS,A,2
2283,3FTDA,249,XRAY,1.44,0.16,0.2,3FTD,A,2
2288,3FXQA,305,XRAY,1.85,0.18,0.21,3FXQ,A,3
2300,3G3SB,249,XRAY,1.8,0.2,0.24,3G3S,B,2
2304,3G7QA,417,XRAY,1.8,0.18,0.2,3G7Q,A,2
2306,3G85A,289,XRAY,1.84,0.19,0.23,3G85,A,2
2317,3GD0A,367,XRAY,1.62,0.18,0.22,3GD0,A,2
2332,3GKRA,336,XRAY,1.6,0.17,0.22,3GKR,A,2
2337,3GNLB,244,XRAY,1.5,0.2,0.22,3GNL,B,2
2338,3GO9A,492,XRAY,1.62,0.17,0.2,3GO9,A,2
2341,3GOHA,315,XRAY,1.55,0.17,0.2,3GOH,A,2
2344,3GQ8A,609,XRAY,2.0,0.17,0.2,3GQ8,A,2
2345,3GQHA,163,XRAY,1.8,0.23,0.26,3GQH,A,2
2349,3GS9A,342,XRAY,1.7,0.19,0.22,3GS9,A,2
2351,3GWBA,434,XRAY,1.9,0.2,0.24,3GWB,A,2
2354,3GWQA,426,XRAY,2.0,0.17,0.2,3GWQ,A,2
2360,3H09A,989,XRAY,1.75,0.16,0.19,3H09,A,4
2362,3H20A,323,XRAY,1.99,0.2,0.23,3H20,A,3
2367,3H4TA,404,XRAY,1.15,0.17,0.18,3H4T,A,2
2370,3H6JA,438,XRAY,1.6,0.17,0.19,3H6J,A,2
2374,3H75A,350,XRAY,1.6,0.21,0.23,3H75,A,2
2377,3H7IA,305,XRAY,1.502,0.18,0.21,3H7I,A,2
2379,3H8GF,497,XRAY,1.5,0.15,0.17,3H8G,F,2
2384,3HBMA,282,XRAY,1.8,0.21,0.23,3HBM,A,2
2394,3HJEA,704,XRAY,1.9,0.17,0.21,3HJE,A,5
2396,3HL1A,317,XRAY,1.95,0.19,0.23,3HL1,A,2
2398,3HLZA,269,XRAY,1.5,0.17,0.2,3HLZ,A,2
2401,3HN0A,283,XRAY,1.75,0.17,0.21,3HN0,A,2
2402,3HN7A,524,XRAY,1.65,0.16,0.19,3HN7,A,3
2404,3HP7A,291,XRAY,1.53,0.15,0.18,3HP7,A,2
2405,3HQ1A,644,XRAY,1.7,0.17,0.2,3HQ1,A,2
2407,3HR0A,263,XRAY,1.9,0.2,0.22,3HR0,A,2
2408,3HR6A,436,XRAY,1.6,0.19,0.22,3HR6,A,3
2409,3HRGA,257,XRAY,1.85,0.2,0.24,3HRG,A,2
2411,3HS3B,277,XRAY,1.6,0.22,0.23,3HS3,B,2
2413,3HSYA,376,XRAY,1.75,0.18,0.2,3HSY,A,2
2415,3HUUB,305,XRAY,1.95,0.25,0.27,3HUU,B,2
2418,3HX3A,316,XRAY,1.69,0.17,0.18,3HX3,A,2
2420,3HXLA,446,XRAY,1.9,0.19,0.23,3HXL,A,5
2425,3I1AA,339,XRAY,1.7,0.2,0.23,3I1A,A,3
2426,3I2KA,587,XRAY,1.51,0.15,0.15,3I2K,A,3
2429,3I57A,185,XRAY,1.8,0.21,0.26,3I57,A,2
2432,3IAGC,422,XRAY,2.0,0.2,0.24,3IAG,C,3
2440,3IEEA,270,XRAY,1.7,0.17,0.19,3IEE,A,2
2441,3IFEA,434,XRAY,1.55,0.15,0.17,3IFE,A,2
2443,3IGFA,374,XRAY,2.0,0.19,0.23,3IGF,A,2
2444,3IGHX,486,XRAY,1.95,0.18,0.21,3IGH,X,3
2450,3IJLA,338,XRAY,1.5,0.19,0.2,3IJL,A,2
2453,3IKWA,374,XRAY,1.3,0.19,0.21,3IKW,A,2
2454,3IM1A,328,XRAY,1.65,0.2,0.23,3IM1,A,3
2464,3IR4A,218,XRAY,1.2,0.12,0.14,3IR4,A,2
2466,3ISQA,393,XRAY,1.75,0.14,0.17,3ISQ,A,2
2467,3ISRA,293,XRAY,1.9,0.19,0.22,3ISR,A,2
2468,3ISXA,343,XRAY,1.4,0.15,0.18,3ISX,A,2
2471,3IT4B,205,XRAY,1.7,0.21,0.24,3IT4,B,2
2486,3JS6A,355,XRAY,1.95,0.19,0.24,3JS6,A,2
2487,3JS8A,540,XRAY,1.54,0.18,0.2,3JS8,A,4
2488,3JSZA,525,XRAY,1.7,0.17,0.19,3JSZ,A,2
2491,3JU4A,670,XRAY,0.98,0.12,0.13,3JU4,A,4
2498,3JY6D,276,XRAY,1.97,0.25,0.26,3JY6,D,2
2499,3JYOA,283,XRAY,1.0,0.17,0.19,3JYO,A,2
2500,3JZ0A,287,XRAY,2.0,0.17,0.22,3JZ0,A,2
2501,3JZLA,409,XRAY,1.91,0.21,0.24,3JZL,A,2
2502,3K05A,200,XRAY,1.33,0.18,0.2,3K05,A,2
2503,3K0BA,393,XRAY,1.5,0.17,0.2,3K0B,A,2
2507,3K1ZA,263,XRAY,1.55,0.17,0.21,3K1Z,A,2
2510,3K2OA,336,XRAY,1.75,0.19,0.23,3K2O,A,2
2512,3K40A,475,XRAY,1.75,0.2,0.23,3K40,A,3
2513,3K4IA,244,XRAY,1.69,0.18,0.21,3K4I,A,2
2514,3K59A,786,XRAY,1.92,0.2,0.2,3K59,A,7
2516,3K6OB,224,XRAY,2.0,0.18,0.21,3K6O,B,2
2517,3K6QC,139,XRAY,1.8,0.2,0.25,3K6Q,C,2
2518,3K6YA,237,XRAY,1.3,0.17,0.2,3K6Y,A,2
2521,3KA7A,425,XRAY,1.8,0.2,0.22,3KA7,A,2
2522,3KBGA,213,XRAY,1.75,0.19,0.22,3KBG,A,3
2524,3KC2A,352,XRAY,1.55,0.14,0.17,3KC2,A,2
2525,3KD4A,506,XRAY,2.0,0.17,0.2,3KD4,A,3
2532,3KEVA,199,XRAY,1.3,0.16,0.18,3KEV,A,2
2537,3KGWA,393,XRAY,1.65,0.17,0.2,3KGW,A,2
2540,3KHIA,267,XRAY,1.95,0.18,0.21,3KHI,A,2
2541,3KIZA,394,XRAY,1.5,0.16,0.19,3KIZ,A,2
2546,3KLKA,1039,XRAY,1.65,0.17,0.2,3KLK,A,3
2552,3KOTA,219,XRAY,1.9,0.2,0.24,3KOT,A,2
2557,3KT7A,633,XRAY,1.77,0.18,0.2,3KT7,A,2
2562,3KWLA,514,XRAY,1.94,0.18,0.22,3KWL,A,4
2569,3L00A,182,XRAY,1.7,0.18,0.21,3L00,A,2
2570,3L0QA,554,XRAY,1.61,0.19,0.22,3L0Q,A,2
2577,3L81A,301,XRAY,1.6,0.21,0.25,3L81,A,2
2585,3LC0A,456,XRAY,1.8,0.19,0.21,3LC0,A,2
2596,3LIDA,295,XRAY,1.76,0.18,0.22,3LID,A,3
2597,3LIGA,634,XRAY,1.8,0.23,0.24,3LIG,A,2
2598,3LKMA,307,XRAY,1.6,0.2,0.22,3LKM,A,2
2600,3LL7A,410,XRAY,1.8,0.18,0.21,3LL7,A,2
2601,3LLKA,261,XRAY,2.0,0.24,0.27,3LLK,A,2
2604,3LM3A,449,XRAY,1.44,0.14,0.16,3LM3,A,2
2607,3LO8A,311,XRAY,1.05,0.12,0.15,3LO8,A,2
2615,3LUYA,329,XRAY,2.0,0.19,0.23,3LUY,A,3
2618,3LXQA,450,XRAY,1.95,0.2,0.24,3LXQ,A,2
2620,3LY8A,372,XRAY,1.9,0.2,0.23,3LY8,A,2
2625,3LYPB,215,XRAY,1.6,0.18,0.21,3LYP,B,2
2629,3M1MA,335,XRAY,1.85,0.21,0.25,3M1M,A,3
2632,3M5QA,357,XRAY,0.93,0.12,0.13,3M5Q,A,2
2635,3M6NA,305,XRAY,1.8,0.23,0.24,3M6N,A,2
2636,3M6ZA,380,XRAY,1.4,0.17,0.18,3M6Z,A,2
2643,3M9QA,101,XRAY,1.29,0.17,0.19,3M9Q,A,2
2650,3MCZA,352,XRAY,1.9,0.15,0.19,3MCZ,A,2
2653,3MDQA,315,XRAY,1.5,0.15,0.18,3MDQ,A,2
2654,3MDUA,453,XRAY,1.4,0.18,0.19,3MDU,A,2
2658,3MFIA,520,XRAY,1.76,0.17,0.19,3MFI,A,4
2663,3MJFA,431,XRAY,1.47,0.14,0.17,3MJF,A,4
2665,3MKHA,438,XRAY,1.995,0.18,0.21,3MKH,A,3
2667,3MMGA,241,XRAY,1.7,0.18,0.21,3MMG,A,2
2672,3MQDA,428,XRAY,1.25,0.11,0.13,3MQD,A,2
2675,3MR0A,142,XRAY,1.493,0.17,0.19,3MR0,A,2
2678,3MTWA,403,XRAY,1.7,0.18,0.2,3MTW,A,2
2680,3MVSA,210,XRAY,1.1,0.16,0.19,3MVS,A,2
2682,3MW8A,240,XRAY,1.65,0.18,0.2,3MW8,A,2
2687,3MXNA,157,XRAY,1.55,0.2,0.23,3MXN,A,2
2692,3MYXA,238,XRAY,1.3,0.12,0.15,3MYX,A,2
2695,3N0RA,286,XRAY,1.251,0.15,0.17,3N0R,A,2
2696,3N0WB,379,XRAY,1.88,0.19,0.23,3N0W,B,2
2699,3N1EA,141,XRAY,1.702,0.18,0.21,3N1E,A,2
2704,3N5BB,112,XRAY,1.9,0.2,0.24,3N5B,B,2
2708,3N75A,715,XRAY,2.0,0.17,0.19,3N75,A,4
2710,3NA5A,570,XRAY,1.7,0.18,0.22,3NA5,A,4
2714,3ND1A,275,XRAY,1.5,0.2,0.22,3ND1,A,2
2716,3NEUA,125,XRAY,1.58,0.2,0.22,3NEU,A,2
2723,3NK4A,297,XRAY,2.0,0.21,0.23,3NK4,A,2
2735,3NQIA,246,XRAY,1.87,0.19,0.22,3NQI,A,2
2740,3NRSA,437,XRAY,1.8,0.18,0.19,3NRS,A,2
2745,3NUQA,282,XRAY,1.7,0.2,0.23,3NUQ,A,2
2746,3NVSA,450,XRAY,1.021,0.12,0.14,3NVS,A,2
2747,3NVWB,334,XRAY,1.6,0.19,0.21,3NVW,B,3
2752,3NYCA,381,XRAY,1.06,0.14,0.16,3NYC,A,2
2754,3NYTA,367,XRAY,1.301,0.19,0.22,3NYT,A,2
2766,3O4HA,582,XRAY,1.82,0.2,0.23,3O4H,A,2
2770,3O9ZA,312,XRAY,1.449,0.2,0.23,3O9Z,A,2
2771,3OAJA,335,XRAY,1.4,0.18,0.23,3OAJ,A,2
2779,3OEPA,494,XRAY,1.75,0.16,0.19,3OEP,A,3
2782,3OG2A,1003,XRAY,1.2,0.14,0.17,3OG2,A,5
2785,3OHSX,334,XRAY,1.9,0.16,0.2,3OHS,X,2
2788,3OKGA,412,XRAY,1.95,0.2,0.24,3OKG,A,2
2790,3OL3B,107,XRAY,1.95,0.2,0.24,3OL3,B,2
2791,3OM0A,393,XRAY,1.401,0.18,0.2,3OM0,A,2
2794,3ONDA,488,XRAY,1.17,0.13,0.16,3OND,A,2
2800,3OR1B,386,XRAY,1.76,0.19,0.21,3OR1,B,3
2804,3OT9B,399,XRAY,1.75,0.16,0.19,3OT9,B,2
2806,3OVBA,441,XRAY,1.95,0.21,0.25,3OVB,A,4
2810,3OYZA,433,XRAY,1.95,0.2,0.24,3OYZ,A,2
2811,3P02A,317,XRAY,1.55,0.17,0.19,3P02,A,2
2812,3P0BA,540,XRAY,1.35,0.17,0.19,3P0B,A,2
2814,3P24A,397,XRAY,1.8,0.17,0.2,3P24,A,2
2816,3P2TA,196,XRAY,1.699,0.19,0.22,3P2T,A,2
2817,3P42A,236,XRAY,1.91,0.17,0.22,3P42,A,3
2819,3P8AA,274,XRAY,1.95,0.24,0.27,3P8A,A,2
2827,3PDDA,190,XRAY,1.72,0.17,0.23,3PDD,A,2
2833,3PFEA,472,XRAY,1.5,0.14,0.16,3PFE,A,2
2834,3PFGA,263,XRAY,1.349,0.18,0.21,3PFG,A,2
2838,3PHSA,249,XRAY,1.8,0.2,0.23,3PHS,A,2
2840,3PIUA,435,XRAY,1.35,0.15,0.17,3PIU,A,2
2842,3PJ0A,359,XRAY,1.8,0.16,0.2,3PJ0,A,2
2843,3PJPA,199,XRAY,1.6,0.2,0.24,3PJP,A,2
2844,3PJVD,130,XRAY,1.773,0.2,0.22,3PJV,D,2
2851,3PMSA,326,XRAY,1.57,0.15,0.18,3PMS,A,2
2858,3PPLA,427,XRAY,1.25,0.11,0.12,3PPL,A,2
2860,3PROC,166,XRAY,1.8,0.21,0.23,3PRO,C,2
2863,3PTYA,406,XRAY,2.0,0.19,0.21,3PTY,A,2
2870,3Q1XA,313,XRAY,1.59,0.16,0.18,3Q1X,A,2
2871,3Q23B,1118,XRAY,1.8,0.2,0.23,3Q23,B,6
2876,3Q6BA,189,XRAY,1.5,0.15,0.19,3Q6B,A,2
2881,3QEXA,903,XRAY,1.73,0.18,0.21,3QEX,A,6
2884,3QFWA,378,XRAY,1.789,0.25,0.28,3QFW,A,2
2885,3QGUB,449,XRAY,1.55,0.13,0.17,3QGU,B,2
2888,3QHQA,229,XRAY,2.0,0.2,0.23,3QHQ,A,2
2889,3QI7A,371,XRAY,1.86,0.19,0.22,3QI7,A,3
2896,3QSLA,346,XRAY,2.0,0.19,0.23,3QSL,A,2
2899,3QU5A,243,XRAY,1.24,0.13,0.16,3QU5,A,2
2902,3QVPA,583,XRAY,1.2,0.18,0.19,3QVP,A,3
2905,3QWLA,294,XRAY,1.9,0.21,0.26,3QWL,A,3
2910,3QYFA,324,XRAY,1.9,0.17,0.21,3QYF,A,3
2913,3QZRA,187,XRAY,1.039,0.16,0.16,3QZR,A,2
2916,3R2QA,202,XRAY,1.05,0.13,0.15,3R2Q,A,2
2920,3R5TA,305,XRAY,1.45,0.18,0.21,3R5T,A,2
2931,3RF3A,258,XRAY,1.61,0.18,0.2,3RF3,A,2
2933,3RHZA,339,XRAY,1.898,0.18,0.22,3RHZ,A,2
2934,3RIOA,180,XRAY,1.99,0.21,0.25,3RIO,A,2
2936,3RJVA,212,XRAY,1.65,0.17,0.19,3RJV,A,2
2937,3RKGA,261,XRAY,1.28,0.17,0.2,3RKG,A,2
2943,3RMQA,116,XRAY,1.85,0.16,0.19,3RMQ,A,2
2949,3ROTA,297,XRAY,1.91,0.24,0.25,3ROT,A,2
2959,3RVAA,451,XRAY,1.8,0.16,1.0,3RVA,A,2
2967,3S44A,399,XRAY,1.45,0.19,0.21,3S44,A,2
2977,3SB1A,160,XRAY,1.67,0.17,0.2,3SB1,A,2
2978,3SB4A,329,XRAY,1.99,0.17,0.2,3SB4,A,2
2979,3SBMA,281,XRAY,1.35,0.16,0.17,3SBM,A,2
2980,3SC7X,516,XRAY,1.5,0.19,0.21,3SC7,X,2
2993,3SNOA,315,XRAY,1.6,0.23,0.25,3SNO,A,2
2997,3SOVA,318,XRAY,1.27,0.15,0.18,3SOV,A,2
2998,3SQZA,425,XRAY,1.2,0.14,0.15,3SQZ,A,2
3000,3SS7X,442,XRAY,1.55,0.16,0.19,3SS7,X,2
3001,3SSOA,419,XRAY,1.895,0.14,0.18,3SSO,A,2
3002,3SU6A,203,XRAY,1.1,0.15,0.17,3SU6,A,2
3010,3SY6B,291,XRAY,1.9,0.17,0.21,3SY6,B,2
3011,3SZ3A,341,XRAY,1.5,0.16,0.18,3SZ3,A,2
3013,3SZYA,427,XRAY,1.35,0.2,0.21,3SZY,A,2
3017,3T4LA,270,XRAY,1.53,0.18,0.2,3T4L,A,2
3019,3T6SA,357,XRAY,2.0,0.16,0.2,3T6S,A,2
3020,3T7AA,330,XRAY,1.7,0.18,0.21,3T7A,A,2
3025,3TBDA,338,XRAY,1.8,0.18,0.23,3TBD,A,2
3038,3THIA,371,XRAY,2.0,0.2,0.26,3THI,A,2
3039,3TJMA,283,XRAY,1.48,0.19,0.22,3TJM,A,2
3043,3TMGA,280,XRAY,1.9,0.18,0.21,3TMG,A,2
3046,3TR0A,205,XRAY,1.851,0.19,0.23,3TR0,A,2
3047,3TSAA,391,XRAY,1.7,0.18,0.23,3TSA,A,2
3050,3TU3B,711,XRAY,1.92,0.19,0.23,3TU3,B,3
3052,3TUTA,358,XRAY,1.58,0.2,0.25,3TUT,A,2
3063,3U3ZA,199,XRAY,1.5,0.13,0.17,3U3Z,A,2
3073,3U9RB,555,XRAY,1.5,0.17,0.18,3U9R,B,2
3074,3U9WA,608,XRAY,1.25,0.13,0.16,3U9W,A,4
3075,3UB1A,261,XRAY,1.8,0.17,0.2,3UB1,A,2
3079,3UCQA,655,XRAY,1.97,0.15,0.19,3UCQ,A,4
3080,3UD1A,326,XRAY,2.0,0.17,0.21,3UD1,A,2
3082,3UFBA,530,XRAY,1.8,0.18,0.21,3UFB,A,2
3083,3UFEA,111,XRAY,1.5,0.16,0.2,3UFE,A,2
3093,3UOAB,390,XRAY,1.75,0.2,0.23,3UOA,B,2
3098,3US3A,367,XRAY,1.738,0.2,0.23,3US3,A,3
3100,3UUWA,308,XRAY,1.63,0.16,0.2,3UUW,A,2
3102,3UXJA,290,XRAY,1.401,0.13,0.17,3UXJ,A,2
3103,3V0DA,339,XRAY,1.1,0.14,0.16,3V0D,A,2
3109,3V42A,226,XRAY,2.0,0.21,0.27,3V42,A,2
3111,3V4CA,528,XRAY,1.91,0.17,0.23,3V4C,A,2
3112,3V5CA,392,XRAY,1.53,0.19,0.22,3V5C,A,2
3115,3V7NA,487,XRAY,1.4,0.16,0.18,3V7N,A,3
3116,3V96A,184,XRAY,1.9,0.22,0.27,3V96,A,2
3121,3VENA,576,XRAY,1.57,0.15,0.18,3VEN,A,3
3123,3VGLA,321,XRAY,1.55,0.18,0.2,3VGL,A,2
3130,3VLAA,413,XRAY,0.95,0.13,0.15,3VLA,A,2
3132,3VMNA,643,XRAY,1.6,0.15,0.18,3VMN,A,3
3133,3VN5A,257,XRAY,1.98,0.21,0.24,3VN5,A,2
3135,3VOTB,425,XRAY,1.8,0.2,0.24,3VOT,B,2
3138,3VPBA,282,XRAY,1.8,0.19,0.23,3VPB,A,3
3139,3VPZA,331,XRAY,1.69,0.2,0.25,3VPZ,A,2
3141,3VQTA,548,XRAY,1.8,0.18,0.22,3VQT,A,3
3142,3VRDB,401,XRAY,1.5,0.16,0.2,3VRD,B,3
3143,3VSNA,659,XRAY,2.0,0.17,0.19,3VSN,A,3
3144,3VSVB,638,XRAY,1.48,0.15,0.17,3VSV,B,2
3151,3VWNX,392,XRAY,1.2,0.13,0.15,3VWN,X,2
3159,3W0OA,349,XRAY,1.5,0.18,0.21,3W0O,A,2
3161,3W1EA,360,XRAY,2.0,0.21,0.23,3W1E,A,3
3166,3W7TA,760,XRAY,1.5,0.16,0.18,3W7T,A,4
3168,3WA2X,621,XRAY,1.08,0.13,0.15,3WA2,X,3
3171,3WE0A,580,XRAY,1.9,0.21,0.25,3WE0,A,3
3172,3WG9B,224,XRAY,1.97,0.2,0.25,3WG9,B,2
3174,3WH1A,206,XRAY,1.0,0.15,0.15,3WH1,A,2
3181,3WNDA,370,XRAY,1.55,0.18,0.21,3WND,A,3
3182,3WQCA,390,XRAY,1.5,0.12,0.15,3WQC,A,2
3183,3WS7A,306,XRAY,1.18,0.17,0.19,3WS7,A,2
3184,3WSGA,252,XRAY,1.996,0.18,0.21,3WSG,A,2
3186,3WU2B,504,XRAY,1.9,0.16,0.19,3WU2,B,2
3187,3WU2H,63,XRAY,1.9,0.16,0.19,3WU2,H,2
3189,3WVTA,189,XRAY,1.601,0.2,0.2,3WVT,A,2
3200,3ZDBA,251,XRAY,1.47,0.2,0.23,3ZDB,A,2
3202,3ZEUA,231,XRAY,1.653,0.16,0.19,3ZEU,A,2
3211,3ZL8A,437,XRAY,1.65,0.17,0.22,3ZL8,A,3
3215,3ZN6A,291,XRAY,1.53,0.17,0.2,3ZN6,A,2
3219,3ZPXA,458,XRAY,1.99,0.18,0.23,3ZPX,A,2
3221,3ZQSA,186,XRAY,2.0,0.18,0.21,3ZQS,A,2
3226,3ZSSA,695,XRAY,1.8,0.23,0.25,3ZSS,A,4
3231,3ZVWA,466,XRAY,2.0,0.18,0.23,3ZVW,A,2
3235,3ZXKA,542,XRAY,1.44,0.17,0.21,3ZXK,A,2
3246,4A2BA,419,XRAY,1.8,0.18,0.22,4A2B,A,4
3248,4A37A,388,XRAY,1.6,0.2,0.21,4A37,A,2
3254,4A5SA,740,XRAY,1.62,0.16,0.18,4A5S,A,2
3257,4A6RA,459,XRAY,1.349,0.14,0.16,4A6R,A,2
3258,4A7KA,900,XRAY,2.0,0.17,0.22,4A7K,A,2
3262,4AANA,341,XRAY,1.22,0.15,0.17,4AAN,A,2
3265,4ACOA,956,XRAY,1.89,0.19,0.23,4ACO,A,2
3268,4AE2A,256,XRAY,1.68,0.16,0.21,4AE2,A,2
3277,4AJYV,163,XRAY,1.73,0.19,0.23,4AJY,V,2
3278,4AK2A,288,XRAY,1.35,0.16,0.19,4AK2,A,2
3280,4ALZA,198,XRAY,1.4,0.19,0.23,4ALZ,A,3
3281,4AMWB,1027,XRAY,1.9,0.21,0.25,4AMW,B,3
3286,4AR9A,394,XRAY,1.69,0.17,0.22,4AR9,A,3
3287,4ARUA,413,XRAY,1.45,0.16,0.19,4ARU,A,2
3288,4AT0A,510,XRAY,1.6,0.16,0.17,4AT0,A,2
3289,4AT7B,383,XRAY,1.902,0.19,0.21,4AT7,B,2
3295,4AW7A,591,XRAY,1.33,0.14,0.15,4AW7,A,3
3297,4AY0A,218,XRAY,1.52,0.17,0.19,4AY0,A,2
3299,4AZ6A,435,XRAY,1.36,0.12,0.14,4AZ6,A,2
3304,4B4DA,262,XRAY,1.5,0.21,0.23,4B4D,A,2
3307,4B60A,321,XRAY,1.83,0.2,0.25,4B60,A,2
3314,4BB9A,633,XRAY,1.47,0.16,0.18,4BB9,A,2
3315,4BBYA,658,XRAY,1.9,0.19,0.24,4BBY,A,6
3316,4BC3A,538,XRAY,1.68,0.16,0.18,4BC3,A,2
3317,4BEUA,392,XRAY,1.15,0.16,0.17,4BEU,A,2
3321,4BGBA,325,XRAY,1.34,0.16,0.18,4BGB,A,2
3323,4BGPA,236,XRAY,1.8,0.18,0.2,4BGP,A,2
3329,4BJTA,202,XRAY,1.61,0.17,0.18,4BJT,A,2
3330,4BK0B,111,XRAY,1.9,0.2,0.23,4BK0,B,2
3334,4BN4A,284,XRAY,1.3,0.14,0.18,4BN4,A,2
3335,4BNDA,253,XRAY,1.5,0.16,0.18,4BND,A,2
3339,4BQNA,312,XRAY,1.38,0.12,0.15,4BQN,A,2
3340,4BRCA,368,XRAY,1.3,0.14,0.19,4BRC,A,2
3341,4BT7A,257,XRAY,1.1,0.17,0.18,4BT7,A,2
3343,4BVXA,215,XRAY,1.6,0.22,0.25,4BVX,A,2
3344,4BWCA,170,XRAY,1.89,0.19,0.23,4BWC,A,2
3345,4BZAA,261,XRAY,1.839,0.17,0.2,4BZA,A,3
3346,4C08A,382,XRAY,1.338,0.14,0.16,4C08,A,2
3348,4C12A,501,XRAY,1.8,0.16,0.2,4C12,A,3
3350,4C3SA,445,XRAY,1.64,0.15,0.17,4C3S,A,2
3351,4C4AA,692,XRAY,1.7,0.16,0.19,4C4A,A,4
3353,4C5WA,387,XRAY,1.7,0.17,0.2,4C5W,A,2
3356,4C97A,243,XRAY,1.7,0.17,0.19,4C97,A,2
3358,4CA1A,195,XRAY,1.58,0.14,0.19,4CA1,A,2
3360,4CCDA,654,XRAY,1.97,0.17,0.2,4CCD,A,3
3364,4CDPA,354,XRAY,1.45,0.14,0.17,4CDP,A,2
3367,4CFSA,287,XRAY,1.94,0.17,0.2,4CFS,A,2
3369,4CHIA,332,XRAY,1.27,0.1,0.13,4CHI,A,2
3372,4CJ0A,625,XRAY,1.1,0.11,0.12,4CJ0,A,2
3381,4CS4A,274,XRAY,1.349,0.15,0.18,4CS4,A,2
3388,4D0EA,135,XRAY,1.61,0.23,0.27,4D0E,A,3
3392,4D5CA,206,XRAY,1.7,0.17,0.2,4D5C,A,2
3393,4D6GA,599,XRAY,1.24,0.12,0.13,4D6G,A,3
3394,4D7JA,363,XRAY,1.55,0.17,0.2,4D7J,A,3
3396,4D9BA,342,XRAY,1.67,0.17,0.21,4D9B,A,2
3397,4D9IA,398,XRAY,2.0,0.19,0.23,4D9I,A,2
3398,4DA2A,231,XRAY,1.8,0.14,0.17,4DA2,A,2
3401,4DCUA,456,XRAY,2.0,0.21,0.26,4DCU,A,3
3404,4DIXA,230,XRAY,1.7,0.21,0.23,4DIX,A,2
3405,4DJAA,518,XRAY,1.45,0.14,0.18,4DJA,A,4
3407,4DK2A,297,XRAY,1.47,0.18,0.21,4DK2,A,2
3409,4DKKA,115,XRAY,1.701,0.17,0.2,4DKK,A,2
3411,4DMIA,176,XRAY,1.5,0.16,0.18,4DMI,A,2
3414,4DO4A,400,XRAY,1.4,0.14,0.18,4DO4,A,2
3419,4DQAA,355,XRAY,1.5,0.16,0.18,4DQA,A,2
3428,4DZOA,123,XRAY,1.76,0.16,0.2,4DZO,A,2
3433,4E2XA,416,XRAY,1.4,0.21,0.24,4E2X,A,4
3437,4E45B,83,XRAY,2.0,0.2,0.24,4E45,B,2
3438,4E4RA,331,XRAY,1.44,0.13,0.18,4E4R,A,2
3446,4EA9A,220,XRAY,0.9,0.14,0.15,4EA9,A,2
3447,4EADA,440,XRAY,1.5,0.15,0.19,4EAD,A,3
3449,4EBBA,472,XRAY,2.0,0.21,0.23,4EBB,A,2
3451,4EBJA,272,XRAY,1.6,0.17,0.19,4EBJ,A,2
3458,4EI7A,389,XRAY,1.9,0.18,0.24,4EI7,A,2
3460,4EIUA,249,XRAY,1.9,0.18,0.21,4EIU,A,2
3461,4EJQA,154,XRAY,1.893,0.19,0.23,4EJQ,A,2
3470,4EPSA,510,XRAY,1.85,0.17,0.18,4EPS,A,2
3473,4EQ9A,246,XRAY,1.4,0.17,0.19,4EQ9,A,2
3475,4EQBA,330,XRAY,1.5,0.16,0.19,4EQB,A,2
3477,4EQSA,437,XRAY,1.5,0.18,0.2,4EQS,A,3
3481,4ES8A,320,XRAY,1.58,0.15,0.18,4ES8,A,2
3485,4ESWA,342,XRAY,1.6,0.16,0.19,4ESW,A,2
3486,4EU0A,298,XRAY,1.7,0.23,0.27,4EU0,A,2
3488,4EUOA,320,XRAY,1.28,0.17,0.18,4EUO,A,2
3492,4EX6A,237,XRAY,1.25,0.12,0.15,4EX6,A,2
3495,4EZIA,377,XRAY,1.15,0.14,0.16,4EZI,A,2
3496,4F03A,253,XRAY,1.8,0.19,0.23,4F03,A,2
3497,4F06A,371,XRAY,1.3,0.12,0.14,4F06,A,2
3499,4F1VA,381,XRAY,0.88,0.13,0.14,4F1V,A,2
3505,4F55A,128,XRAY,1.85,0.18,0.21,4F55,A,2
3510,4FCHB,221,XRAY,1.3,0.17,0.18,4FCH,B,2
3512,4FFLA,363,XRAY,1.5,0.17,0.2,4FFL,A,2
3514,4FHGA,368,XRAY,2.0,0.21,0.24,4FHG,A,2
3516,4FHRB,216,XRAY,1.931,0.21,0.24,4FHR,B,2
3517,4FIBA,129,XRAY,1.997,0.21,0.26,4FIB,A,2
3521,4FNVA,702,XRAY,1.6,0.18,0.2,4FNV,A,2
3524,4FQGB,190,XRAY,2.0,0.19,0.24,4FQG,B,3
3531,4FYYB,153,XRAY,1.94,0.2,0.24,4FYY,B,2
3532,4FZLA,247,XRAY,1.46,0.15,0.2,4FZL,A,2
3534,4G08A,159,XRAY,1.801,0.19,0.23,4G08,A,2
3536,4G1IA,227,XRAY,1.85,0.18,0.21,4G1I,A,3
3537,4G1QB,428,XRAY,1.51,0.15,0.19,4G1Q,B,4
3538,4G22A,439,XRAY,1.7,0.17,0.2,4G22,A,2
3539,4G26A,501,XRAY,1.75,0.17,0.21,4G26,A,2
3546,4G54A,258,XRAY,1.55,0.18,0.2,4G54,A,2
3548,4G68A,456,XRAY,1.8,0.23,0.26,4G68,A,2
3555,4G8TA,464,XRAY,1.7,0.15,0.18,4G8T,A,2
3571,4GHNA,393,XRAY,1.5,0.14,0.17,4GHN,A,3
3581,4GMUA,612,XRAY,1.2,0.17,0.2,4GMU,A,3
3583,4GNRA,353,XRAY,1.0,0.13,0.15,4GNR,A,2
3593,4GVQA,316,XRAY,1.3,0.14,0.16,4GVQ,A,2
3596,4GXBA,280,XRAY,1.8,0.18,0.2,4GXB,A,3
3597,4GXTA,385,XRAY,1.821,0.18,0.22,4GXT,A,2
3600,4H27A,364,XRAY,1.3,0.15,0.17,4H27,A,2
3604,4H3WA,330,XRAY,1.87,0.2,0.24,4H3W,A,2
3606,4H4DA,323,XRAY,1.35,0.19,0.21,4H4D,A,3
3617,4HBQA,206,XRAY,1.4,0.14,0.18,4HBQ,A,2
3619,4HC9A,115,XRAY,1.6,0.18,0.22,4HC9,A,2
3622,4HDOA,322,XRAY,1.67,0.21,0.23,4HDO,A,3
3629,4HH3C,240,XRAY,1.75,0.17,0.2,4HH3,C,2
3634,4HJ1C,432,XRAY,1.9,0.22,0.26,4HJ1,C,2
3646,4HSTB,543,XRAY,1.571,0.12,0.16,4HST,B,3
3647,4HTGA,320,XRAY,1.45,0.15,0.22,4HTG,A,3
3648,4HVKA,382,XRAY,1.43,0.11,0.15,4HVK,A,2
3649,4HW6A,433,XRAY,1.7,0.15,0.18,4HW6,A,2
3658,4I2OA,243,XRAY,1.77,0.18,0.23,4I2O,A,2
3659,4I3GB,829,XRAY,1.4,0.17,0.2,4I3G,B,4
3665,4I6YA,428,XRAY,1.45,0.17,0.19,4I6Y,A,2
3669,4I8HA,223,XRAY,0.75,0.1,0.11,4I8H,A,2
3672,4IA6A,591,XRAY,1.8,0.16,0.19,4IA6,A,2
3675,4IAUA,163,XRAY,0.99,0.11,0.13,4IAU,A,2
3678,4IE5A,495,XRAY,1.95,0.18,0.2,4IE5,A,2
3683,4IILA,346,XRAY,1.3,0.12,0.15,4IIL,A,2
3684,4IJNA,398,XRAY,1.7,0.17,0.2,4IJN,A,2
3688,4INDA,387,XRAY,1.8,0.2,0.22,4IND,A,3
3690,4IPIA,351,XRAY,1.75,0.17,0.2,4IPI,A,2
3696,4IVNA,278,XRAY,1.9,0.18,0.23,4IVN,A,2
3697,4IW9A,231,XRAY,1.76,0.16,0.2,4IW9,A,2
3709,4J8LA,361,XRAY,1.651,0.17,0.2,4J8L,A,2
3712,4JB7A,256,XRAY,1.42,0.13,0.14,4JB7,A,2
3713,4JBDA,330,XRAY,1.3,0.16,0.18,4JBD,A,2
3714,4JBEA,445,XRAY,1.95,0.17,0.21,4JBE,A,2
3715,4JCCA,286,XRAY,1.133,0.15,0.17,4JCC,A,2
3723,4JGIA,211,XRAY,1.5,0.15,0.19,4JGI,A,2
3728,4JJOA,202,XRAY,1.75,0.17,0.2,4JJO,A,2
3729,4JK8A,222,XRAY,1.15,0.14,0.16,4JK8,A,2
3733,4JN7A,395,XRAY,1.15,0.14,0.14,4JN7,A,2
3736,4JOQA,297,XRAY,1.9,0.13,0.14,4JOQ,A,2
3741,4JVOA,336,XRAY,1.3,0.12,0.15,4JVO,A,2
3744,4JYKA,212,XRAY,1.7,0.12,0.17,4JYK,A,2
3751,4K4KB,282,XRAY,1.67,0.19,0.22,4K4K,B,2
3755,4K7JA,379,XRAY,1.968,0.17,0.23,4K7J,A,2
3758,4K90A,389,XRAY,1.8,0.17,0.2,4K90,A,2
3764,4KH8A,318,XRAY,1.6,0.14,0.17,4KH8,A,2
3765,4KH9A,374,XRAY,2.0,0.2,0.22,4KH9,A,3
3767,4KK7A,395,XRAY,1.68,0.18,0.21,4KK7,A,2
3768,4KKRA,241,XRAY,2.0,0.16,0.19,4KKR,A,2
3772,4KP1A,445,XRAY,1.8,0.22,0.25,4KP1,A,2
3773,4KQ7A,374,XRAY,1.62,0.14,0.16,4KQ7,A,2
3775,4KQIA,356,XRAY,1.4,0.17,0.2,4KQI,A,2
3776,4KQPA,232,XRAY,0.95,0.12,0.12,4KQP,A,2
3778,4KRGB,466,XRAY,1.68,0.12,0.14,4KRG,B,2
3785,4KTPB,769,XRAY,1.9,0.17,0.21,4KTP,B,3
3787,4KTYA,738,XRAY,1.98,0.17,0.21,4KTY,A,4
3791,4KV7A,381,XRAY,1.2,0.15,0.16,4KV7,A,2
3792,4KVGB,260,XRAY,1.65,0.2,0.22,4KVG,B,2
3796,4L2IA,346,XRAY,1.45,0.15,0.21,4L2I,A,2
3799,4L57A,195,XRAY,1.08,0.14,0.18,4L57,A,2
3803,4L9BA,393,XRAY,1.75,0.17,0.2,4L9B,A,2
3814,4LDVA,362,XRAY,1.45,0.21,0.24,4LDV,A,2
3816,4LEBA,300,XRAY,1.4,0.14,0.18,4LEB,A,2
3818,4LGYA,1305,XRAY,1.48,0.14,0.17,4LGY,A,2
3819,4LH6A,323,XRAY,1.65,0.22,0.25,4LH6,A,3
3820,4LHSA,343,XRAY,1.4,0.13,0.16,4LHS,A,2
3821,4LIXA,727,XRAY,1.548,0.17,0.2,4LIX,A,3
3822,4LJ6A,339,XRAY,1.9,0.22,0.26,4LJ6,A,2
3826,4LPQA,207,XRAY,1.37,0.12,0.15,4LPQ,A,2
3829,4LRJB,169,XRAY,1.619,0.16,0.19,4LRJ,B,2
3830,4LRTA,355,XRAY,1.5,0.15,0.17,4LRT,A,2
3833,4LTYC,354,XRAY,1.8,0.16,0.19,4LTY,C,2
3838,4LV5A,371,XRAY,1.7,0.19,0.23,4LV5,A,2
3844,4M0WA,327,XRAY,1.4,0.16,0.18,4M0W,A,3
3848,4M1UA,297,XRAY,1.56,0.17,0.19,4M1U,A,2
3850,4M2MA,406,XRAY,1.58,0.18,0.2,4M2M,A,2
3851,4M51A,427,XRAY,1.08,0.12,0.14,4M51,A,2
3853,4M5DA,1237,XRAY,1.97,0.21,0.24,4M5D,A,3
3857,4M83A,415,XRAY,1.698,0.16,0.2,4M83,A,2
3870,4MF5A,256,XRAY,1.11,0.11,0.13,4MF5,A,2
3875,4MIYA,339,XRAY,1.42,0.19,0.21,4MIY,A,2
3882,4MS4B,433,XRAY,1.9,0.19,0.22,4MS4,B,2
3883,4MSXA,482,XRAY,1.87,0.18,0.22,4MSX,A,2
3888,4MUOA,328,XRAY,1.94,0.18,0.21,4MUO,A,2
3889,4MUQA,255,XRAY,1.364,0.16,0.18,4MUQ,A,2
3891,4MV4A,468,XRAY,1.61,0.16,0.18,4MV4,A,3
3899,4N03A,405,XRAY,1.15,0.12,0.15,4N03,A,2
3901,4N0RA,513,XRAY,1.8,0.15,0.18,4N0R,A,3
3902,4N13A,265,XRAY,1.3,0.14,0.16,4N13,A,2
3904,4N2KA,690,XRAY,1.57,0.18,0.21,4N2K,A,3
3916,4NESA,374,XRAY,1.42,0.2,0.22,4NES,A,2
3926,4NNOA,291,XRAY,1.174,0.15,0.16,4NNO,A,2
3927,4NOHA,169,XRAY,1.502,0.16,0.2,4NOH,A,2
3930,4NSVA,275,XRAY,0.9,0.14,0.16,4NSV,A,2
3931,4NTCA,335,XRAY,1.9,0.19,0.22,4NTC,A,2
3932,4NV0A,319,XRAY,1.65,0.16,0.19,4NV0,A,2
3933,4NWBA,278,XRAY,1.8,0.18,0.2,4NWB,A,2
3937,4NZRM,416,XRAY,1.65,0.16,0.19,4NZR,M,3
3949,4OFJA,473,XRAY,1.7,0.15,0.18,4OFJ,A,2
3951,4OH7A,320,XRAY,1.5,0.16,0.18,4OH7,A,2
3953,4OHJA,229,XRAY,1.28,0.14,0.18,4OHJ,A,2
3954,4OHXA,431,XRAY,1.98,0.19,0.22,4OHX,A,3
3956,4OK4A,736,XRAY,1.7,0.19,0.22,4OK4,A,2
3959,4OM8A,309,XRAY,1.55,0.16,0.19,4OM8,A,2
3972,4P0GA,435,XRAY,1.65,0.16,0.19,4P0G,A,2
3985,4PDXA,640,XRAY,1.75,0.18,0.22,4PDX,A,3
3986,4PDYA,351,XRAY,1.35,0.13,0.17,4PDY,A,2
3988,4PFOA,788,XRAY,1.75,0.17,0.19,4PFO,A,4
3996,4PLZA,322,XRAY,1.05,0.13,0.15,4PLZ,A,2
4001,4PQ0A,242,XRAY,1.65,0.22,0.25,4PQ0,A,2
4003,4PQHA,236,XRAY,1.4,0.15,0.19,4PQH,A,2
4005,4PSRB,585,XRAY,1.38,0.14,0.17,4PSR,B,3
4007,4PVKA,500,XRAY,1.3,0.14,0.16,4PVK,A,3
4011,4PXEA,430,XRAY,1.449,0.16,0.18,4PXE,A,2
4014,4PYTA,309,XRAY,1.853,0.2,0.23,4PYT,A,3
4015,4PZ0A,324,XRAY,1.25,0.13,0.15,4PZ0,A,2
4029,4Q7FA,527,XRAY,1.98,0.19,0.22,4Q7F,A,2
4037,4QDCA,390,XRAY,1.9,0.19,0.22,4QDC,A,2
4043,4QHQA,241,XRAY,1.4,0.17,0.2,4QHQ,A,2
4045,4QJVA,259,XRAY,1.601,0.18,0.21,4QJV,A,3
4048,4QMAA,208,XRAY,1.65,0.17,0.2,4QMA,A,2
4051,4QOSA,265,XRAY,1.42,0.17,0.19,4QOS,A,2
4053,4QPKA,243,XRAY,1.66,0.17,0.19,4QPK,A,2
4058,4QTCA,357,XRAY,1.4,0.15,0.16,4QTC,A,2
4064,4R16A,418,XRAY,1.55,0.22,0.25,4R16,A,2
4066,4R2FA,431,XRAY,2.0,0.17,0.21,4R2F,A,2
4068,4R3NA,366,XRAY,1.35,0.13,0.16,4R3N,A,2
4070,4R4XA,546,XRAY,1.9,0.17,0.2,4R4X,A,2
4072,4R6HA,428,XRAY,1.5,0.17,0.2,4R6H,A,2
4073,4R75A,321,XRAY,1.278,0.17,0.19,4R75,A,2
4074,4R78A,309,XRAY,1.45,0.19,0.21,4R78,A,2
4077,4RAYA,145,XRAY,1.55,0.18,0.21,4RAY,A,2
4078,4RD4A,415,XRAY,1.3,0.17,0.2,4RD4,A,3
4081,4REKA,499,XRAY,0.74,0.11,0.12,4REK,A,2
4082,4REOA,229,XRAY,1.35,0.17,0.21,4REO,A,2
4083,4RG1A,313,XRAY,1.86,0.17,0.21,4RG1,A,2
4087,4RJZA,407,XRAY,1.17,0.13,0.17,4RJZ,A,2
4088,4RK4A,283,XRAY,1.32,0.13,0.15,4RK4,A,2
4089,4RK6B,287,XRAY,1.76,0.17,0.2,4RK6,B,2
4092,4RLZA,316,XRAY,1.19,0.14,0.16,4RLZ,A,2
4102,4RY1A,411,XRAY,1.4,0.14,0.18,4RY1,A,2
4104,4RZYA,447,XRAY,1.949,0.16,0.19,4RZY,A,2
4106,4S39A,406,XRAY,1.3,0.11,0.13,4S39,A,2
4110,4TMXA,345,XRAY,1.5,0.16,0.18,4TMX,A,2
4114,4TQ1A,289,XRAY,1.802,0.18,0.22,4TQ1,A,3
4116,4TR6A,380,XRAY,1.5,0.18,0.2,4TR6,A,2
4123,4U19A,276,XRAY,1.88,0.19,0.23,4U19,A,2
4130,4U9HS,265,XRAY,0.89,0.1,0.11,4U9H,S,2
4135,4UB8E,84,XRAY,1.95,0.19,0.23,4UB8,E,2
4136,4UDXX,636,XRAY,1.03,0.13,0.16,4UDX,X,3
4143,4USKA,346,XRAY,1.76,0.2,0.24,4USK,A,2
4150,4UZGA,292,XRAY,1.06,0.13,0.14,4UZG,A,2
4153,4V24A,371,XRAY,1.8,0.18,0.21,4V24,A,2
4154,4V2KA,253,XRAY,1.29,0.14,0.15,4V2K,A,2
4155,4V33A,360,XRAY,1.48,0.16,0.17,4V33,A,2
4166,4W8PA,301,XRAY,1.5,0.22,0.24,4W8P,A,2
4170,4WBYA,410,XRAY,1.5,0.16,0.18,4WBY,A,2
4174,4WFOA,858,XRAY,1.14,0.11,0.13,4WFO,A,5
4179,4WI1A,506,XRAY,1.65,0.16,0.19,4WI1,A,3
4180,4WIQA,264,XRAY,1.59,0.15,0.16,4WIQ,A,2
4183,4WKAA,377,XRAY,0.95,0.11,0.12,4WKA,A,2
4184,4WKSC,548,XRAY,1.629,0.16,0.19,4WKS,C,3
4185,4WKZA,243,XRAY,1.79,0.18,0.22,4WKZ,A,2
4187,4WLHA,422,XRAY,1.28,0.17,0.19,4WLH,A,2
4191,4WPGA,289,XRAY,1.1,0.13,0.15,4WPG,A,2
4205,4X28A,400,XRAY,1.99,0.15,0.19,4X28,A,3
4209,4X84A,231,XRAY,1.25,0.14,0.16,4X84,A,2
4211,4X9RA,237,XRAY,1.398,0.15,0.18,4X9R,A,2
4212,4X9TA,317,XRAY,1.24,0.17,0.19,4X9T,A,2
4213,4X9XA,299,XRAY,1.199,0.12,0.14,4X9X,A,2
4221,4XDZA,343,XRAY,1.15,0.16,0.19,4XDZ,A,2
4222,4XEAA,423,XRAY,1.95,0.18,0.21,4XEA,A,2
4226,4XFKA,399,XRAY,1.3,0.14,0.16,4XFK,A,2
4227,4XH2G,228,XRAY,2.0,0.23,0.26,4XH2,G,2
4228,4XOTA,597,XRAY,1.06,0.11,0.13,4XOT,A,3
4231,4XQ7A,359,XRAY,1.6,0.17,0.19,4XQ7,A,2
4232,4XQCA,475,XRAY,1.27,0.15,0.18,4XQC,A,2
4233,4XRWA,329,XRAY,1.79,0.18,0.22,4XRW,A,2
4239,4Y0HA,463,XRAY,1.63,0.18,0.2,4Y0H,A,2
4246,4Y9WA,334,XRAY,0.83,0.12,0.12,4Y9W,A,2
4249,4YB8B,230,XRAY,1.9,0.18,0.22,4YB8,B,2
4251,4YCAA,294,XRAY,1.81,0.17,0.21,4YCA,A,2
4253,4YDRB,304,XRAY,1.6,0.2,0.23,4YDR,B,2
4255,4YFUA,580,XRAY,1.5,0.2,0.23,4YFU,A,3
4257,4YI8A,201,XRAY,1.2,0.12,0.14,4YI8,A,2
4259,4YKIA,256,XRAY,1.21,0.14,0.16,4YKI,A,2
4262,4YOKA,204,XRAY,1.8,0.17,0.21,4YOK,A,2
4266,4YUCA,335,XRAY,1.31,0.17,0.19,4YUC,A,2
4268,4YWKA,206,XRAY,1.55,0.22,0.25,4YWK,A,2
4273,4YZZA,367,XRAY,1.3,0.14,0.16,4YZZ,A,2
4277,4Z3TB,267,XRAY,1.62,0.2,0.23,4Z3T,B,2
4301,4ZMHA,939,XRAY,1.93,0.14,0.17,4ZMH,A,2
4303,4ZPCA,462,XRAY,1.59,0.21,0.23,4ZPC,A,2
4311,5A0LB,210,XRAY,1.35,0.13,0.15,5A0L,B,2
4312,5A0YA,550,XRAY,1.1,0.11,0.13,5A0Y,A,3
4313,5A0YB,443,XRAY,1.1,0.11,0.13,5A0Y,B,2
4315,5A1IA,395,XRAY,1.09,0.1,0.12,5A1I,A,3
4320,5A6MA,409,XRAY,1.17,0.12,0.14,5A6M,A,2
4330,5AHKA,588,XRAY,1.55,0.15,0.17,5AHK,A,3
4332,5AJGA,329,XRAY,1.11,0.15,0.17,5AJG,A,2
4335,5AOGA,307,XRAY,1.27,0.14,0.16,5AOG,A,2
4341,5AYVB,309,XRAY,1.647,0.17,0.19,5AYV,B,2
4342,5AZPA,455,XRAY,1.69,0.16,0.18,5AZP,A,2
4353,5B1AP,261,XRAY,1.5,0.15,0.17,5B1A,P,2
4358,5B66B,505,XRAY,1.85,0.16,0.2,5B66,B,2
4359,5B66C,455,XRAY,1.85,0.16,0.2,5B66,C,2
4360,5B66E,83,XRAY,1.85,0.16,0.2,5B66,E,2
4361,5B66H,65,XRAY,1.85,0.16,0.2,5B66,H,2
4363,5B66U,104,XRAY,1.85,0.16,0.2,5B66,U,2
4364,5B66Z,62,XRAY,1.85,0.16,0.2,5B66,Z,2
4365,5B6CA,174,XRAY,1.55,0.16,0.2,5B6C,A,2
4369,5BMNA,468,XRAY,1.27,0.17,0.19,5BMN,A,4
4370,5BNZA,564,XRAY,1.9,0.19,0.23,5BNZ,A,5
4374,5BR4A,391,XRAY,0.91,0.13,0.15,5BR4,A,2
4376,5BSEA,277,XRAY,1.7,0.16,0.18,5BSE,A,2
4377,5BU5E,233,XRAY,1.952,0.2,0.22,5BU5,E,2
4379,5BXRB,644,XRAY,1.6,0.18,0.21,5BXR,B,3
4386,5C5CA,481,XRAY,1.862,0.21,0.25,5C5C,A,2
4390,5C98A,382,XRAY,1.45,0.17,0.18,5C98,A,2
4392,5CCBA,289,XRAY,2.0,0.2,0.22,5CCB,A,2
4395,5CECA,446,XRAY,1.36,0.14,0.17,5CEC,A,2
4398,5CGQB,397,XRAY,1.18,0.14,0.16,5CGQ,B,2
4399,5CIYA,327,XRAY,1.594,0.17,0.19,5CIY,A,2
4407,5CR9A,311,XRAY,1.7,0.15,0.17,5CR9,A,2
4420,5DECA,218,XRAY,2.0,0.2,0.24,5DEC,A,2
4421,5DGJA,188,XRAY,1.0,0.14,0.15,5DGJ,A,2
4422,5DGQB,586,XRAY,1.9,0.16,0.21,5DGQ,B,2
4428,5DP2A,342,XRAY,0.96,0.12,0.13,5DP2,A,2
4430,5DVIA,419,XRAY,1.25,0.12,0.15,5DVI,A,2
4432,5E10A,133,XRAY,1.801,0.17,0.21,5E10,A,2
4436,5E3QA,302,XRAY,1.8,0.16,0.19,5E3Q,A,3
4439,5EG5A,377,XRAY,1.97,0.2,0.25,5EG5,A,2
4441,5EINA,344,XRAY,1.7,0.17,0.21,5EIN,A,2
4442,5EJ8A,556,XRAY,1.34,0.13,0.16,5EJ8,A,3
4443,5EL9A,205,XRAY,1.1,0.12,0.13,5EL9,A,2
4446,5ENQA,609,XRAY,1.8,0.18,0.22,5ENQ,A,4
4449,5EQ7A,277,XRAY,1.19,0.11,0.14,5EQ7,A,2
4455,5EXEA,395,XRAY,1.88,0.18,0.21,5EXE,A,2
4456,5EZQA,338,XRAY,1.66,0.2,0.21,5EZQ,A,2
4457,5F2KA,368,XRAY,1.6,0.2,0.22,5F2K,A,2
4471,5FS8A,515,XRAY,1.4,0.17,0.19,5FS8,A,3
4486,5GV8A,272,XRAY,0.78,0.12,0.14,5GV8,A,2
4487,5GXEA,331,XRAY,1.696,0.17,0.2,5GXE,A,2
4488,5GZ3A,326,XRAY,1.59,0.19,0.23,5GZ3,A,2
4509,5HRAA,235,XRAY,1.597,0.23,0.25,5HRA,A,2
4510,5HSGA,310,XRAY,1.3,0.15,0.17,5HSG,A,2
4513,5HWAA,259,XRAY,1.35,0.14,0.17,5HWA,A,2
4515,5HYAA,304,XRAY,1.897,0.18,0.21,5HYA,A,2
4516,5I0FB,733,XRAY,1.85,0.16,0.19,5I0F,B,2
4522,5ICQA,610,XRAY,1.9,0.16,0.2,5ICQ,A,2
4524,5IHWA,314,XRAY,1.25,0.14,0.18,5IHW,A,2
4526,5IK4A,393,XRAY,1.27,0.16,0.18,5IK4,A,2
4530,5IPYA,453,XRAY,1.5,0.15,0.17,5IPY,A,2
4536,5IYZF,384,XRAY,1.8,0.17,0.2,5IYZ,F,3
4544,5J71A,400,XRAY,1.65,0.18,0.2,5J71,A,2
4546,5JAZA,422,XRAY,1.4,0.19,0.21,5JAZ,A,2
4548,5JBXA,261,XRAY,1.1,0.13,0.14,5JBX,A,2
4550,5JGFA,473,XRAY,1.83,0.16,0.18,5JGF,A,2
4552,5JICA,273,XRAY,1.4,0.14,0.17,5JIC,A,2
4556,5JNMA,402,XRAY,1.701,0.17,0.19,5JNM,A,2
4557,5JOVA,955,XRAY,1.5,0.11,0.15,5JOV,A,5
4561,5JRYA,485,XRAY,1.2,0.11,0.13,5JRY,A,2
4562,5JVIE,316,XRAY,1.12,0.1,0.12,5JVI,E,2
4566,5K7FA,231,XRAY,1.7,0.21,0.24,5K7F,A,2
4567,5K87A,399,XRAY,1.219,0.16,0.18,5K87,A,2
4568,5K8CA,358,XRAY,1.85,0.18,0.22,5K8C,A,2
4580,5KTNA,304,XRAY,1.34,0.12,0.15,5KTN,A,3
4583,5KVSB,385,XRAY,1.28,0.16,0.17,5KVS,B,2
4584,5KXHA,355,XRAY,1.33,0.15,0.17,5KXH,A,2
4592,5L77A,495,XRAY,1.24,0.13,0.16,5L77,A,2
4603,5LJWA,347,XRAY,1.8,0.18,0.21,5LJW,A,2
4607,5LT5A,222,XRAY,1.45,0.17,0.18,5LT5,A,2
4611,5LY3A,432,XRAY,1.6,0.18,0.2,5LY3,A,2
4615,5M04A,360,XRAY,1.85,0.2,0.24,5M04,A,2
4616,5M0YB,164,XRAY,1.5,0.19,0.2,5M0Y,B,2
4620,5M29A,290,XRAY,1.5,0.18,0.21,5M29,A,2
4623,5M5ZA,757,XRAY,1.25,0.12,0.14,5M5Z,A,2
4629,5MGWA,406,XRAY,1.46,0.18,0.2,5MGW,A,2
4630,5MI4A,727,XRAY,1.8,0.16,0.2,5MI4,A,3
4634,5MPRA,366,XRAY,1.6,0.13,0.18,5MPR,A,2
4635,5MRIA,696,XRAY,2.0,0.2,0.22,5MRI,A,2
4636,5MUXE,472,XRAY,2.0,0.15,0.19,5MUX,E,2
4638,5MY5A,274,XRAY,1.4,0.18,0.22,5MY5,A,2
4648,5NUEA,332,XRAY,1.35,0.15,0.18,5NUE,A,2
4650,5NZGA,505,XRAY,1.6,0.22,0.25,5NZG,A,2
4651,5O0JA,453,XRAY,1.81,0.16,0.2,5O0J,A,2
4659,5O9XA,549,XRAY,1.9,0.17,0.2,5O9X,A,2
4662,5OL4C,570,XRAY,1.28,0.12,0.14,5OL4,C,2
4666,5Q22A,343,XRAY,1.18,0.18,0.2,5Q22,A,2
4683,5TIPC,436,XRAY,2.0,0.18,0.21,5TIP,C,2
4685,5TKWA,237,XRAY,1.35,0.15,0.18,5TKW,A,2
4688,5TPRA,444,XRAY,1.7,0.16,0.18,5TPR,A,2
4694,5U3AA,496,XRAY,0.95,0.11,0.12,5U3A,A,2
4697,5UEJA,384,XRAY,1.3,0.12,0.15,5UEJ,A,2
4699,5UMUA,283,XRAY,1.903,0.16,0.19,5UMU,A,2
4700,5UOFA,481,XRAY,1.7,0.16,0.18,5UOF,A,2
4702,5UPTA,525,XRAY,1.92,0.17,0.2,5UPT,A,2
4704,5UQSC,464,XRAY,1.6,0.15,0.18,5UQS,C,2
4712,5V2CC,458,XRAY,1.9,0.1,0.16,5V2C,C,2
4715,5V6GC,171,XRAY,2.0,0.19,0.24,5V6G,C,2
4717,5V8SA,410,XRAY,1.41,0.15,0.18,5V8S,A,2
4724,5W8QA,390,XRAY,1.173,0.1,0.12,5W8Q,A,2
4726,5WJPA,249,XRAY,1.57,0.18,0.21,5WJP,A,2
4727,5WKRA,223,XRAY,1.4,0.14,0.17,5WKR,A,2
4729,5WQJA,297,XRAY,1.2,0.14,0.17,5WQJ,A,2
4734,5WXUA,479,XRAY,1.7,0.18,0.23,5WXU,A,2
4739,5X9CA,336,XRAY,1.85,0.2,0.23,5X9C,A,2
4741,5XDCA,414,XRAY,1.579,0.17,0.19,5XDC,A,3
4743,5XLIA,213,XRAY,1.696,0.18,0.22,5XLI,A,2
4750,5XVTA,697,XRAY,0.85,0.13,0.14,5XVT,A,3
4751,5XWIA,567,XRAY,1.872,0.17,0.21,5XWI,A,2
4752,5XZ7A,330,XRAY,1.6,0.15,0.18,5XZ7,A,2
4753,5XZGA,362,XRAY,1.828,0.2,0.23,5XZG,A,2
4757,5Y4ZA,440,XRAY,1.3,0.19,0.22,5Y4Z,A,2
4760,5Y9ZA,199,XRAY,1.09,0.16,0.18,5Y9Z,A,2
4762,5YGBA,223,XRAY,1.4,0.17,0.19,5YGB,A,2
4764,5YI6A,262,XRAY,1.852,0.17,0.2,5YI6,A,2
4765,5YJ6A,655,XRAY,1.43,0.15,0.18,5YJ6,A,2
4772,5YZPA,210,XRAY,1.581,0.18,0.21,5YZP,A,2
4780,5ZW7A,402,XRAY,1.3,0.11,0.13,5ZW7,A,2
4783,6A02A,185,XRAY,1.4,0.19,0.21,6A02,A,2
4785,6A8MA,461,XRAY,1.7,0.17,0.2,6A8M,A,2
4791,6AT4B,546,XRAY,1.332,0.14,0.15,6AT4,B,3
4797,6B6UA,525,XRAY,1.35,0.13,0.15,6B6U,A,2
4805,6BM5A,333,XRAY,1.5,0.15,0.19,6BM5,A,2
4811,6CB0A,378,XRAY,1.97,0.17,0.21,6CB0,A,3
4816,6CTZA,297,XRAY,1.34,0.15,0.17,6CTZ,A,2
4817,6D0AA,431,XRAY,1.468,0.17,0.19,6D0A,A,2
4818,6D4KA,261,XRAY,1.32,0.18,0.22,6D4K,A,2
4819,6D9NA,148,XRAY,1.2,0.14,0.16,6D9N,A,2
4830,6E5YA,448,XRAY,1.5,0.16,0.18,6E5Y,A,3
4834,6EDIA,412,XRAY,1.85,0.21,0.26,6EDI,A,2
4845,6EXMA,239,XRAY,1.6,0.18,0.22,6EXM,A,2
4846,6EYGA,306,XRAY,1.42,0.18,0.22,6EYG,A,2
4847,6F2MA,217,XRAY,1.8,0.18,0.2,6F2M,A,2
4854,6FMEB,506,XRAY,1.51,0.17,0.19,6FME,B,3
4858,6FUCA,272,XRAY,1.17,0.14,0.17,6FUC,A,2
4859,6FULA,531,XRAY,1.649,0.18,0.21,6FUL,A,3
4865,6G7NA,318,XRAY,1.1,0.14,0.15,6G7N,A,2
4872,6GM5A,452,XRAY,1.45,0.17,0.2,6GM5,A,2
4873,6GQDA,380,XRAY,1.523,0.16,0.19,6GQD,A,2
4875,6GU2B,273,XRAY,2.0,0.19,0.24,6GU2,B,2
4876,6GVDA,575,XRAY,1.22,0.15,0.19,6GVD,A,2
4882,6HCWA,535,XRAY,1.46,0.19,0.21,6HCW,A,2
4885,6HOAA,228,XRAY,1.5,0.19,0.21,6HOA,A,2
4888,6I18A,493,XRAY,1.49,0.17,0.2,6I18,A,4
4890,6IBEA,286,XRAY,1.45,0.16,0.2,6IBE,A,3
4891,6IH0A,279,XRAY,1.21,0.17,0.18,6IH0,A,2
4898,6M9MA,207,XRAY,1.401,0.14,0.17,6M9M,A,2
4899,6MD5A,319,XRAY,1.7,0.18,0.22,6MD5,A,2
4902,6MX3A,188,XRAY,1.362,0.19,0.2,6MX3,A,2
4908,6NFEA,323,XRAY,1.75,0.15,0.18,6NFE,A,2
4916,6OM4A,348,XRAY,1.7,0.16,0.2,6OM4,A,2
4917,6Q4RA,912,XRAY,1.6,0.18,0.21,6Q4R,A,4
4920,6QEJA,378,XRAY,1.62,0.17,0.18,6QEJ,A,2
4925,6RI6A,498,XRAY,0.93,0.11,0.12,6RI6,A,3
4927,7ODCA,424,XRAY,1.6,0.2,0.23,7ODC,A,2
4928,8ABPA,306,XRAY,1.49,0.17,1.0,8ABP,A,2
